Year,Close,Lag1,Lag2,Lag3,Lag4,Lag5,Volume,Today,Direction
2017,265.30,0.01308,-0.00632,0.02036,-0.00038,-0.00151,9506715.00,0.00680,1
2017,265.40,0.00680,0.01308,-0.00632,0.02036,-0.00038,5957114.00,0.01275,1
2017,260.05,0.01275,0.00680,0.01308,-0.00632,0.02036,20246351.00,-0.00708,0
2017,261.70,-0.00708,0.01275,0.00680,0.01308,-0.00632,16792035.00,-0.01130,0
2017,258.30,-0.01130,-0.00708,0.01275,0.00680,0.01308,7396182.00,-0.00464,0
2017,256.55,-0.00464,-0.01130,-0.00708,0.01275,0.00680,8335504.00,0.01320,1
2017,253.30,0.01320,-0.00464,-0.01130,-0.00708,0.01275,17011726.00,-0.00914,0
2017,255.10,-0.00914,0.01320,-0.00464,-0.01130,-0.00708,9959845.00,0.00000,0
2017,258.00,0.00000,-0.00914,0.01320,-0.00464,-0.01130,9998498.00,-0.01002,0
2017,259.20,-0.01002,0.00000,-0.00914,0.01320,-0.00464,7916268.00,0.00577,1
2017,255.80,0.00577,-0.01002,0.00000,-0.00914,0.01320,16626216.00,0.00872,1
2017,258.15,0.00872,0.00577,-0.01002,0.00000,-0.00914,8609960.00,-0.00408,0
2017,258.15,-0.00408,0.00872,0.00577,-0.01002,0.00000,7524346.00,0.00778,1
2017,260.75,0.00778,-0.00408,0.00872,0.00577,-0.01002,7347756.00,0.00333,1
2017,259.25,0.00333,0.00778,-0.00408,0.00872,0.00577,4836535.00,0.00039,1
2017,257.00,0.00039,0.00333,0.00778,-0.00408,0.00872,17508901.00,0.00491,1
2017,258.05,0.00491,0.00039,0.00333,0.00778,-0.00408,8697821.00,0.00890,1
2017,256.05,0.00890,0.00491,0.00039,0.00333,0.00778,22116235.00,-0.00693,0
2017,255.20,-0.00693,0.00890,0.00491,0.00039,0.00333,6593537.00,-0.03434,0
2017,255.10,-0.03434,-0.00693,0.00890,0.00491,0.00039,6111791.00,-0.01533,0
2017,253.85,-0.01533,-0.03434,-0.00693,0.00890,0.00491,8991412.00,0.01781,1
2017,251.60,0.01781,-0.01533,-0.03434,-0.00693,0.00890,8244499.00,0.00980,1
2017,253.35,0.00980,0.01781,-0.01533,-0.03434,-0.00693,5426456.00,-0.02007,0
2017,262.20,-0.02007,0.00980,0.01781,-0.01533,-0.03434,13132943.00,-0.00132,0
2017,266.25,-0.00132,-0.02007,0.00980,0.01781,-0.01533,17181015.00,0.00531,1
2017,261.55,0.00531,-0.00132,-0.02007,0.00980,0.01781,9243049.00,-0.00398,0
2017,259.00,-0.00398,0.00531,-0.00132,-0.02007,0.00980,8653465.00,0.00360,1
2017,264.25,0.00360,-0.00398,0.00531,-0.00132,-0.02007,8043427.00,0.00095,1
2017,264.60,0.00095,0.00360,-0.00398,0.00531,-0.00132,12269517.00,-0.00019,0
2017,263.20,-0.00019,0.00095,0.00360,-0.00398,0.00531,9293059.00,-0.00398,0
2017,264.25,-0.00398,-0.00019,0.00095,0.00360,-0.00398,5881181.00,0.00760,1
2017,263.30,0.00760,-0.00398,-0.00019,0.00095,0.00360,7441512.00,0.00114,1
2017,263.05,0.00114,0.00760,-0.00398,-0.00019,0.00095,6771408.00,-0.00533,0
2017,263.10,-0.00533,0.00114,0.00760,-0.00398,-0.00019,6405364.00,0.00362,1
2017,264.15,0.00362,-0.00533,0.00114,0.00760,-0.00398,9549857.00,0.00593,1
2017,262.15,0.00593,0.00362,-0.00533,0.00114,0.00760,6091016.00,-0.00153,0
2017,261.85,-0.00153,0.00593,0.00362,-0.00533,0.00114,15889965.00,-0.00153,0
2017,263.25,-0.00153,-0.00153,0.00593,0.00362,-0.00533,6565616.00,-0.00515,0
2018,262.30,-0.00515,-0.00153,-0.00153,0.00593,0.00362,10461011.00,-0.01022,0
2018,260.75,-0.01022,-0.00515,-0.00153,-0.00153,0.00593,5688384.00,-0.01847,0
2018,261.15,-0.01847,-0.01022,-0.00515,-0.00153,-0.00153,11018996.00,0.00426,1
2018,261.55,0.00426,-0.01847,-0.01022,-0.00515,-0.00153,9368913.00,-0.00148,0
2018,262.90,-0.00148,0.00426,-0.01847,-0.01022,-0.00515,9211954.00,0.00837,1
2018,265.60,0.00837,-0.00148,0.00426,-0.01847,-0.01022,14433239.00,-0.00019,0
2018,270.55,-0.00019,0.00837,-0.00148,0.00426,-0.01847,25737663.00,0.02229,1
2018,269.40,0.02229,-0.00019,0.00837,-0.00148,0.00426,16441299.00,-0.01649,0
2018,269.80,-0.01649,0.02229,-0.00019,0.00837,-0.00148,11287437.00,-0.02725,0
2018,267.55,-0.02725,-0.01649,0.02229,-0.00019,0.00837,8179762.00,-0.00420,0
2018,267.60,-0.00420,-0.02725,-0.01649,0.02229,-0.00019,10538330.00,0.00328,1
2018,261.70,0.00328,-0.00420,-0.02725,-0.01649,0.02229,12935712.00,-0.01072,0
2018,266.05,-0.01072,0.00328,-0.00420,-0.02725,-0.01649,16375659.00,-0.01738,0
2018,273.40,-0.01738,-0.01072,0.00328,-0.00420,-0.02725,26442702.00,0.00071,1
2018,274.55,0.00071,-0.01738,-0.01072,0.00328,-0.00420,25710521.00,0.02011,1
2018,273.65,0.02011,0.00071,-0.01738,-0.01072,0.00328,8339156.00,0.00163,1
2018,276.60,0.00163,0.02011,0.00071,-0.01738,-0.01072,18244388.00,0.01390,1
2018,281.45,0.01390,0.00163,0.02011,0.00071,-0.01738,17305234.00,-0.01427,0
2018,281.25,-0.01427,0.01390,0.00163,0.02011,0.00071,13124518.00,-0.00018,0
2018,275.65,-0.00018,-0.01427,0.01390,0.00163,0.02011,9569723.00,-0.01406,0
2018,275.20,-0.01406,-0.00018,-0.01427,0.01390,0.00163,13057276.00,0.02081,1
2018,271.40,0.02081,-0.01406,-0.00018,-0.01427,0.01390,18945945.00,-0.00601,0
2018,275.30,-0.00601,0.02081,-0.01406,-0.00018,-0.01427,59362154.00,0.00382,1
2018,275.35,0.00382,-0.00601,0.02081,-0.01406,-0.00018,35008302.00,0.01008,1
2018,279.25,0.01008,0.00382,-0.00601,0.02081,-0.01406,19706340.00,0.00554,1
2018,273.50,0.00554,0.01008,0.00382,-0.00601,0.02081,15822723.00,0.01249,1
2018,275.15,0.01249,0.00554,0.01008,0.00382,-0.00601,12956103.00,-0.00599,0
2018,274.10,-0.00599,0.01249,0.00554,0.01008,0.00382,9779911.00,0.00617,1
2018,271.35,0.00617,-0.00599,0.01249,0.00554,0.01008,14204123.00,0.00886,1
2018,269.85,0.00886,0.00617,-0.00599,0.01249,0.00554,6713679.00,0.00322,1
2018,266.50,0.00322,0.00886,0.00617,-0.00599,0.01249,11303222.00,-0.01863,0
2018,268.10,-0.01863,0.00322,0.00886,0.00617,-0.00599,11736246.00,0.00411,1
2018,266.45,0.00411,-0.01863,0.00322,0.00886,0.00617,6164187.00,-0.00727,0
2018,264.10,-0.00727,0.00411,-0.01863,0.00322,0.00886,6069585.00,0.00934,1
2018,263.25,0.00934,-0.00727,0.00411,-0.01863,0.00322,9301017.00,0.00056,1
2018,268.20,0.00056,0.00934,-0.00727,0.00411,-0.01863,10555155.00,0.00508,1
2018,267.10,0.00508,0.00056,0.00934,-0.00727,0.00411,19118686.00,0.00397,1
2018,269.05,0.00397,0.00508,0.00056,0.00934,-0.00727,6529253.00,0.01431,1
2018,266.55,0.01431,0.00397,0.00508,0.00056,0.00934,8378818.00,0.01451,1
2018,266.40,0.01451,0.01431,0.00397,0.00508,0.00056,7429924.00,-0.01317,0
2018,265.05,-0.01317,0.01451,0.01431,0.00397,0.00508,13451146.00,0.00405,1
2018,264.00,0.00405,-0.01317,0.01451,0.01431,0.00397,7781553.00,-0.00154,0
2018,260.25,-0.00154,0.00405,-0.01317,0.01451,0.01431,6623613.00,-0.04100,0
2018,256.50,-0.04100,-0.00154,0.00405,-0.01317,0.01451,8180373.00,0.00241,1
2018,259.90,0.00241,-0.04100,-0.00154,0.00405,-0.01317,15153219.00,0.00521,1
2018,258.85,0.00521,0.00241,-0.04100,-0.00154,0.00405,6027032.00,0.00937,1
2018,259.25,0.00937,0.00521,0.00241,-0.04100,-0.00154,6110339.00,0.01920,1
2018,270.10,0.01920,0.00937,0.00521,0.00241,-0.04100,19900387.00,0.00520,1
2018,269.45,0.00520,0.01920,0.00937,0.00521,0.00241,8326884.00,-0.00019,0
2018,268.05,-0.00019,0.00520,0.01920,0.00937,0.00521,7907101.00,0.00058,1
2018,265.55,0.00058,-0.00019,0.00520,0.01920,0.00937,5557668.00,0.00290,1
2018,260.50,0.00290,0.00058,-0.00019,0.00520,0.01920,20680532.00,0.00894,1
2018,259.15,0.00894,0.00290,0.00058,-0.00019,0.00520,12926158.00,-0.00817,0
2018,259.20,-0.00817,0.00894,0.00290,0.00058,-0.00019,7481088.00,-0.00309,0
2018,259.05,-0.00309,-0.00817,0.00894,0.00290,0.00058,12920867.00,0.01322,1
2018,258.30,0.01322,-0.00309,-0.00817,0.00894,0.00290,8011131.00,-0.01071,0
2018,256.00,-0.01071,0.01322,-0.00309,-0.00817,0.00894,11185677.00,-0.00097,0
2018,258.10,-0.00097,-0.01071,0.01322,-0.00309,-0.00817,12499724.00,-0.00039,0
2018,258.90,-0.00039,-0.00097,-0.01071,0.01322,-0.00309,8769415.00,-0.00405,0
2018,255.50,-0.00405,-0.00039,-0.00097,-0.01071,0.01322,12270479.00,-0.00461,0
2018,258.25,-0.00461,-0.00405,-0.00039,-0.00097,-0.01071,7029064.00,-0.01880,0
2018,258.50,-0.01880,-0.00461,-0.00405,-0.00039,-0.00097,5098212.00,-0.00338,0
2018,258.60,-0.00338,-0.01880,-0.00461,-0.00405,-0.00039,8392947.00,0.00583,1
2018,259.65,0.00583,-0.00338,-0.01880,-0.00461,-0.00405,9113610.00,0.01214,1
2018,260.85,0.01214,0.00583,-0.00338,-0.01880,-0.00461,6098959.00,0.00459,1
2018,265.80,0.00459,0.01214,0.00583,-0.00338,-0.01880,9217475.00,-0.01409,0
2018,266.70,-0.01409,0.00459,0.01214,0.00583,-0.00338,14682547.00,-0.01184,0
2018,265.15,-0.01184,-0.01409,0.00459,0.01214,0.00583,5232228.00,-0.02855,0
2018,261.95,-0.02855,-0.01184,-0.01409,0.00459,0.01214,6125006.00,-0.00724,0
2018,260.75,-0.00724,-0.02855,-0.01184,-0.01409,0.00459,4991314.00,0.00415,1
2018,264.45,0.00415,-0.00724,-0.02855,-0.01184,-0.01409,5212182.00,0.00254,1
2018,267.60,0.00254,0.00415,-0.00724,-0.02855,-0.01184,13207767.00,-0.00181,0
2018,275.35,-0.00181,0.00254,0.00415,-0.00724,-0.02855,23815794.00,0.00691,1
2018,277.35,0.00691,-0.00181,0.00254,0.00415,-0.00724,12823460.00,-0.01503,0
2018,276.20,-0.01503,0.00691,-0.00181,0.00254,0.00415,10790554.00,-0.00412,0
2018,275.50,-0.00412,-0.01503,0.00691,-0.00181,0.00254,11746220.00,-0.00731,0
2018,276.00,-0.00731,-0.00412,-0.01503,0.00691,-0.00181,8449353.00,-0.02040,0
2018,274.10,-0.02040,-0.00731,-0.00412,-0.01503,0.00691,4928817.00,0.00786,1
2018,278.25,0.00786,-0.02040,-0.00731,-0.00412,-0.01503,20282977.00,0.02793,1
2018,279.40,0.02793,0.00786,-0.02040,-0.00731,-0.00412,9732842.00,-0.01823,0
2018,281.45,-0.01823,0.02793,0.00786,-0.02040,-0.00731,5918966.00,-0.00159,0
2018,287.25,-0.00159,-0.01823,0.02793,0.00786,-0.02040,16071685.00,0.00142,1
2018,285.00,0.00142,-0.00159,-0.01823,0.02793,0.00786,9366444.00,0.00765,1
2018,277.15,0.00765,0.00142,-0.00159,-0.01823,0.02793,10904195.00,-0.01242,0
2018,282.25,-0.01242,0.00765,0.00142,-0.00159,-0.01823,6475767.00,-0.00405,0
2018,282.70,-0.00405,-0.01242,0.00765,0.00142,-0.00159,6588906.00,0.01041,1
2018,282.30,0.01041,-0.00405,-0.01242,0.00765,0.00142,4214376.00,-0.01409,0
2018,280.15,-0.01409,0.01041,-0.00405,-0.01242,0.00765,5672203.00,0.02443,1
2018,283.65,0.02443,-0.01409,0.01041,-0.00405,-0.01242,3892106.00,-0.01194,0
2018,284.80,-0.01194,0.02443,-0.01409,0.01041,-0.00405,6479302.00,-0.00018,0
2018,281.85,-0.00018,-0.01194,0.02443,-0.01409,0.01041,7777542.00,0.01283,1
2018,285.85,0.01283,-0.00018,-0.01194,0.02443,-0.01409,18062869.00,0.01920,1
2018,278.95,0.01920,0.01283,-0.00018,-0.01194,0.02443,10755084.00,-0.00511,0
2018,282.30,-0.00511,0.01920,0.01283,-0.00018,-0.01194,15422138.00,0.00932,1
2018,282.35,0.00932,-0.00511,0.01920,0.01283,-0.00018,8579200.00,-0.01096,0
2018,278.75,-0.01096,0.00932,-0.00511,0.01920,0.01283,4730984.00,0.00455,1
2018,273.45,0.00455,-0.01096,0.00932,-0.00511,0.01920,7891899.00,0.00788,1
2018,274.85,0.00788,0.00455,-0.01096,0.00932,-0.00511,6282351.00,0.00092,1
2018,272.30,0.00092,0.00788,0.00455,-0.01096,0.00932,9244273.00,0.00628,1
2018,275.30,0.00628,0.00092,0.00788,0.00455,-0.01096,6997081.00,0.00390,1
2018,274.05,0.00390,0.00628,0.00092,0.00788,0.00455,8830998.00,0.00522,1
2018,271.90,0.00522,0.00390,0.00628,0.00092,0.00788,8005601.00,-0.01078,0
2018,271.65,-0.01078,0.00522,0.00390,0.00628,0.00092,13212672.00,-0.00240,0
2018,269.95,-0.00240,-0.01078,0.00522,0.00390,0.00628,6607768.00,0.01169,1
2018,268.90,0.01169,-0.00240,-0.01078,0.00522,0.00390,7984112.00,-0.00503,0
2018,267.50,-0.00503,0.01169,-0.00240,-0.01078,0.00522,5788321.00,-0.00371,0
2018,270.40,-0.00371,-0.00503,0.01169,-0.00240,-0.01078,7296797.00,0.00892,1
2018,271.05,0.00892,-0.00371,-0.00503,0.01169,-0.00240,6797792.00,0.00224,1
2018,267.90,0.00224,0.00892,-0.00371,-0.00503,0.01169,6769606.00,0.01034,1
2018,269.25,0.01034,0.00224,0.00892,-0.00371,-0.00503,8572974.00,-0.00019,0
2018,270.25,-0.00019,0.01034,0.00224,0.00892,-0.00371,8449515.00,-0.00565,0
2018,267.85,-0.00565,-0.00019,0.01034,0.00224,0.00892,7817856.00,0.00868,1
2018,267.25,0.00868,-0.00565,-0.00019,0.01034,0.00224,9169601.00,0.01106,1
2018,264.50,0.01106,0.00868,-0.00565,-0.00019,0.01034,10814596.00,-0.01635,0
2018,264.55,-0.01635,0.01106,0.00868,-0.00565,-0.00019,6281093.00,0.00966,1
2018,266.05,0.00966,-0.01635,0.01106,0.00868,-0.00565,7336092.00,-0.00834,0
2018,263.75,-0.00834,0.00966,-0.01635,0.01106,0.00868,9540207.00,0.00777,1
2018,260.85,0.00777,-0.00834,0.00966,-0.01635,0.01106,7137481.00,0.00860,1
2018,265.15,0.00860,0.00777,-0.00834,0.00966,-0.01635,16820667.00,-0.02165,0
2018,262.60,-0.02165,0.00860,0.00777,-0.00834,0.00966,13617718.00,0.01190,1
2018,264.80,0.01190,-0.02165,0.00860,0.00777,-0.00834,10087090.00,-0.00908,0
2018,262.75,-0.00908,0.01190,-0.02165,0.00860,0.00777,10036967.00,0.00396,1
2018,260.50,0.00396,-0.00908,0.01190,-0.02165,0.00860,14637010.00,-0.03018,0
2018,266.20,-0.03018,0.00396,-0.00908,0.01190,-0.02165,10907020.00,-0.00055,0
2018,263.05,-0.00055,-0.03018,0.00396,-0.00908,0.01190,18097981.00,-0.00640,0
2018,265.45,-0.00640,-0.00055,-0.03018,0.00396,-0.00908,10385004.00,-0.00961,0
2018,264.40,-0.00961,-0.00640,-0.00055,-0.03018,0.00396,7881279.00,0.00470,1
2018,272.50,0.00470,-0.00961,-0.00640,-0.00055,-0.03018,15473199.00,-0.00524,0
2018,272.65,-0.00524,0.00470,-0.00961,-0.00640,-0.00055,12936762.00,0.02484,1
2018,274.40,0.02484,-0.00524,0.00470,-0.00961,-0.00640,9782072.00,-0.00443,0
2018,277.05,-0.00443,0.02484,-0.00524,0.00470,-0.00961,11486223.00,0.00646,1
2018,275.75,0.00646,-0.00443,0.02484,-0.00524,0.00470,11362662.00,0.00483,1
2018,277.20,0.00483,0.00646,-0.00443,0.02484,-0.00524,9902834.00,-0.01753,0
2018,270.40,-0.01753,0.00483,0.00646,-0.00443,0.02484,18590126.00,-0.00256,0
2018,271.60,-0.00256,-0.01753,0.00483,0.00646,-0.00443,10281018.00,-0.03637,0
2018,269.85,-0.03637,-0.00256,-0.01753,0.00483,0.00646,10033333.00,-0.00527,0
2018,268.55,-0.00527,-0.03637,-0.00256,-0.01753,0.00483,7050253.00,-0.00175,0
2018,273.30,-0.00175,-0.00527,-0.03637,-0.00256,-0.01753,8956760.00,-0.00366,0
2018,274.00,-0.00366,-0.00175,-0.00527,-0.03637,-0.00256,6572535.00,-0.05207,0
2018,284.15,-0.05207,-0.00366,-0.00175,-0.00527,-0.03637,26056261.00,0.00497,1
2018,285.65,0.00497,-0.05207,-0.00366,-0.00175,-0.00527,12111542.00,0.01119,1
2018,286.15,0.01119,0.00497,-0.05207,-0.00366,-0.00175,13301823.00,-0.01302,0
2018,287.20,-0.01302,0.01119,0.00497,-0.05207,-0.00366,20698478.00,0.00799,1
2018,302.55,0.00799,-0.01302,0.01119,0.00497,-0.05207,75862167.00,-0.01575,0
2018,301.05,-0.01575,0.00799,-0.01302,0.01119,0.00497,17080727.00,0.00710,1
2018,297.70,0.00710,-0.01575,0.00799,-0.01302,0.01119,14563274.00,0.00232,1
2018,301.60,0.00232,0.00710,-0.01575,0.00799,-0.01302,14624672.00,0.00050,1
2018,299.20,0.00050,0.00232,0.00710,-0.01575,0.00799,9847568.00,-0.00514,0
2018,303.95,-0.00514,0.00050,0.00232,0.00710,-0.01575,12470372.00,-0.00757,0
2018,301.80,-0.00757,-0.00514,0.00050,0.00232,0.00710,7683950.00,-0.00377,0
2018,301.10,-0.00377,-0.00757,-0.00514,0.00050,0.00232,7188627.00,-0.00635,0
2018,300.95,-0.00635,-0.00377,-0.00757,-0.00514,0.00050,6442258.00,0.00146,1
2018,302.50,0.00146,-0.00635,-0.00377,-0.00757,-0.00514,9221385.00,-0.02028,0
2018,304.80,-0.02028,0.00146,-0.00635,-0.00377,-0.00757,14777932.00,0.00144,1
2018,305.95,0.00144,-0.02028,0.00146,-0.00635,-0.00377,9957591.00,0.00128,1
2018,307.90,0.00128,0.00144,-0.02028,0.00146,-0.00635,12315926.00,0.00288,1
2018,307.45,0.00288,0.00128,0.00144,-0.02028,0.00146,18674289.00,0.00514,1
2018,313.75,0.00514,0.00288,0.00128,0.00144,-0.02028,25413745.00,-0.00962,0
2018,313.30,-0.00962,0.00514,0.00288,0.00128,0.00144,19218118.00,0.00560,1
2018,312.90,0.00560,-0.00962,0.00514,0.00288,0.00128,13618791.00,-0.00368,0
2018,312.00,-0.00368,0.00560,-0.00962,0.00514,0.00288,11309613.00,-0.02229,0
2018,310.40,-0.02229,-0.00368,0.00560,-0.00962,0.00514,5445848.00,0.00000,0
2018,313.40,0.00000,-0.02229,-0.00368,0.00560,-0.00962,5278766.00,0.02101,1
2018,311.65,0.02101,0.00000,-0.02229,-0.00368,0.00560,6609740.00,0.01156,1
2018,312.80,0.01156,0.02101,0.00000,-0.02229,-0.00368,10349504.00,-0.00210,0
2018,319.85,-0.00210,0.01156,0.02101,0.00000,-0.02229,24973007.00,-0.00177,0
2018,319.85,-0.00177,-0.00210,0.01156,0.02101,0.00000,18084699.00,0.00113,1
2018,313.20,0.00113,-0.00177,-0.00210,0.01156,0.02101,9112998.00,0.01264,1
2018,309.60,0.01264,0.00113,-0.00177,-0.00210,0.01156,11184441.00,0.03098,1
2018,310.25,0.03098,0.01264,0.00113,-0.00177,-0.00210,10139205.00,-0.03179,0
2018,310.80,-0.03179,0.03098,0.01264,0.00113,-0.00177,7609714.00,-0.00114,0
2018,310.45,-0.00114,-0.03179,0.03098,0.01264,0.00113,7188478.00,0.01691,1
2018,306.55,0.01691,-0.00114,-0.03179,0.03098,0.01264,9635849.00,-0.00413,0
2018,297.20,-0.00413,0.01691,-0.00114,-0.03179,0.03098,26006624.00,0.01194,1
2018,306.80,0.01194,-0.00413,0.01691,-0.00114,-0.03179,19423600.00,-0.01425,0
2018,307.15,-0.01425,0.01194,-0.00413,0.01691,-0.00114,12823479.00,0.01994,1
2018,302.00,0.01994,-0.01425,0.01194,-0.00413,0.01691,5825628.00,-0.01068,0
2018,303.25,-0.01068,0.01994,-0.01425,0.01194,-0.00413,8199623.00,0.02692,1
2018,299.65,0.02692,-0.01068,0.01994,-0.01425,0.01194,6150336.00,-0.00051,0
2018,303.95,-0.00051,0.02692,-0.01068,0.01994,-0.01425,16337218.00,-0.01506,0
2018,297.95,-0.01506,-0.00051,0.02692,-0.01068,0.01994,14452668.00,0.00219,1
2018,301.15,0.00219,-0.01506,-0.00051,0.02692,-0.01068,13273933.00,0.00642,1
2018,293.15,0.00642,0.00219,-0.01506,-0.00051,0.02692,19891787.00,0.02782,1
2018,293.30,0.02782,0.00642,0.00219,-0.01506,-0.00051,12084852.00,0.03762,1
2018,297.75,0.03762,0.02782,0.00642,0.00219,-0.01506,24606864.00,0.01201,1
2018,297.10,0.01201,0.03762,0.02782,0.00642,0.00219,9025533.00,0.01735,1
2018,295.20,0.01735,0.01201,0.03762,0.02782,0.00642,7570160.00,-0.00594,0
2018,287.10,-0.00594,0.01735,0.01201,0.03762,0.02782,8105763.00,0.01831,1
2018,276.50,0.01831,-0.00594,0.01735,0.01201,0.03762,17622969.00,-0.03701,0
2018,273.20,-0.03701,0.01831,-0.00594,0.01735,0.01201,16430487.00,-0.02618,0
2018,268.50,-0.02618,-0.03701,0.01831,-0.00594,0.01735,10540674.00,-0.00053,0
2018,270.10,-0.00053,-0.02618,-0.03701,0.01831,-0.00594,11479650.00,-0.01335,0
2018,265.20,-0.01335,-0.00053,-0.02618,-0.03701,0.01831,10609934.00,-0.01042,0
2018,275.20,-0.01042,-0.01335,-0.00053,-0.02618,-0.03701,13425871.00,0.00329,1
2018,282.50,0.00329,-0.01042,-0.01335,-0.00053,-0.02618,17933322.00,0.00870,1
2018,282.65,0.00870,0.00329,-0.01042,-0.01335,-0.00053,11867994.00,-0.00610,0
2018,286.45,-0.00610,0.00870,0.00329,-0.01042,-0.01335,15307324.00,0.00070,1
2018,289.45,0.00070,-0.00610,0.00870,0.00329,-0.01042,8032126.00,0.02340,1
2018,288.50,0.02340,0.00070,-0.00610,0.00870,0.00329,12484871.00,-0.00921,0
2018,286.00,-0.00921,0.02340,0.00070,-0.00610,0.00870,10843970.00,0.01618,1
2018,287.75,0.01618,-0.00921,0.02340,0.00070,-0.00610,8690022.00,-0.00411,0
2018,287.55,-0.00411,0.01618,-0.00921,0.02340,0.00070,9584217.00,0.00969,1
2018,280.90,0.00969,-0.00411,0.01618,-0.00921,0.02340,21475541.00,-0.02087,0
2018,283.50,-0.02087,0.00969,-0.00411,0.01618,-0.00921,11342580.00,0.01297,1
2018,278.95,0.01297,-0.02087,0.00969,-0.00411,0.01618,6847149.00,0.00826,1
2018,280.10,0.00826,0.01297,-0.02087,0.00969,-0.00411,13501859.00,-0.00987,0
2018,277.40,-0.00987,0.00826,0.01297,-0.02087,0.00969,9452718.00,0.01005,1
2018,283.25,0.01005,-0.00987,0.00826,0.01297,-0.02087,11644681.00,0.01234,1
2018,279.60,0.01234,0.01005,-0.00987,0.00826,0.01297,7381232.00,-0.01090,0
2018,277.30,-0.01090,0.01234,0.01005,-0.00987,0.00826,9766345.00,0.00145,1
2018,280.05,0.00145,-0.01090,0.01234,0.01005,-0.00987,957139.00,0.00708,1
2018,277.25,0.00708,0.00145,-0.01090,0.01234,0.01005,15034793.00,-0.00744,0
2018,273.85,-0.00744,0.00708,0.00145,-0.01090,0.01234,7047500.00,-0.02834,0
2018,276.85,-0.02834,-0.00744,0.00708,0.00145,-0.01090,6700755.00,0.00229,1
2018,276.45,0.00229,-0.02834,-0.00744,0.00708,0.00145,6915975.00,0.00743,1
2018,274.50,0.00743,0.00229,-0.02834,-0.00744,0.00708,12153864.00,0.00445,1
2018,276.55,0.00445,0.00743,0.00229,-0.02834,-0.00744,12635521.00,-0.01819,0
2018,284.50,-0.01819,0.00445,0.00743,0.00229,-0.02834,16720100.00,0.00280,1
2018,283.85,0.00280,-0.01819,0.00445,0.00743,0.00229,7796633.00,0.00935,1
2018,281.75,0.00935,0.00280,-0.01819,0.00445,0.00743,5650063.00,-0.01878,0
2018,280.50,-0.01878,0.00935,0.00280,-0.01819,0.00445,6680354.00,0.00610,1
2018,285.65,0.00610,-0.01878,0.00935,0.00280,-0.01819,8948042.00,0.01002,1
2018,284.85,0.01002,0.00610,-0.01878,0.00935,0.00280,6881741.00,0.00390,1
2018,282.20,0.00390,0.01002,0.00610,-0.01878,0.00935,8856761.00,0.02333,1
2018,287.55,0.02333,0.00390,0.01002,0.00610,-0.01878,13657479.00,0.00839,1
2018,285.80,0.00839,0.02333,0.00390,0.01002,0.00610,8639876.00,-0.00366,0
2018,282.95,-0.00366,0.00839,0.02333,0.00390,0.01002,8565591.00,0.01322,1
2018,281.85,0.01322,-0.00366,0.00839,0.02333,0.00390,6305882.00,-0.01559,0
2018,275.35,-0.01559,0.01322,-0.00366,0.00839,0.02333,11453283.00,-0.00490,0
2018,273.05,-0.00490,-0.01559,0.01322,-0.00366,0.00839,9682118.00,0.00272,1
2018,274.05,0.00272,-0.00490,-0.01559,0.01322,-0.00366,8103784.00,-0.00163,0
2018,270.45,-0.00163,0.00272,-0.00490,-0.01559,0.01322,6683094.00,-0.01476,0
2018,274.70,-0.01476,-0.00163,0.00272,-0.00490,-0.01559,10238800.00,0.00609,1
2018,276.05,0.00609,-0.01476,-0.00163,0.00272,-0.00490,10084682.00,-0.01888,0
2018,275.30,-0.01888,0.00609,-0.01476,-0.00163,0.00272,15821425.00,0.00283,1
2018,275.75,0.00283,-0.01888,0.00609,-0.01476,-0.00163,8594764.00,0.02109,1
2018,279.85,0.02109,0.00283,-0.01888,0.00609,-0.01476,12232198.00,0.00271,1
2018,278.15,0.00271,0.02109,0.00283,-0.01888,0.00609,8832786.00,-0.00235,0
2018,283.45,-0.00235,0.00271,0.02109,0.00283,-0.01888,13133469.00,-0.01471,0
2018,282.65,-0.01471,-0.00235,0.00271,0.02109,0.00283,4964496.00,-0.00533,0
2018,276.75,-0.00533,-0.01471,-0.00235,0.00271,0.02109,6816618.00,0.00213,1
2018,276.00,0.00213,-0.00533,-0.01471,-0.00235,0.00271,8540575.00,-0.00372,0
2018,276.65,-0.00372,0.00213,-0.00533,-0.01471,-0.00235,8494118.00,0.00746,1
2018,280.75,0.00746,-0.00372,0.00213,-0.00533,-0.01471,11441104.00,0.00626,1
2018,282.25,0.00626,0.00746,-0.00372,0.00213,-0.00533,13194286.00,-0.00750,0
2018,281.65,-0.00750,0.00626,0.00746,-0.00372,0.00213,5452405.00,-0.00249,0
2019,282.70,-0.00249,-0.00750,0.00626,0.00746,-0.00372,2490548.00,-0.00919,0
2019,280.60,-0.00919,-0.00249,-0.00750,0.00626,0.00746,9934187.00,-0.02141,0
2019,278.85,-0.02141,-0.00919,-0.00249,-0.00750,0.00626,6114946.00,0.00276,1
2019,280.95,0.00276,-0.02141,-0.00919,-0.00249,-0.00750,7805148.00,-0.01966,0
2019,281.65,-0.01966,0.00276,-0.02141,-0.00919,-0.00249,9757529.00,0.00356,1
2019,284.25,0.00356,-0.01966,0.00276,-0.02141,-0.00919,7480522.00,-0.00762,0
2019,290.40,-0.00762,0.00356,-0.01966,0.00276,-0.02141,12182118.00,0.00847,1
2019,289.60,0.00847,-0.00762,0.00356,-0.01966,0.00276,10288580.00,0.00034,1
2019,295.35,0.00034,0.00847,-0.00762,0.00356,-0.01966,16773035.00,0.00854,1
2019,294.30,0.00854,0.00034,0.00847,-0.00762,0.00356,6400147.00,0.00533,1
2019,296.55,0.00533,0.00854,0.00034,0.00847,-0.00762,7213165.00,0.00052,1
2019,294.05,0.00052,0.00533,0.00854,0.00034,0.00847,7784035.00,0.04392,1
2019,293.95,0.04392,0.00052,0.00533,0.00854,0.00034,10601100.00,-0.00575,0
2019,291.45,-0.00575,0.04392,0.00052,0.00533,0.00854,10994807.00,-0.00108,0
2019,289.90,-0.00108,-0.00575,0.04392,0.00052,0.00533,8203333.00,0.01607,1
2019,289.75,0.01607,-0.00108,-0.00575,0.04392,0.00052,10329563.00,-0.01338,0
2019,277.30,-0.01338,0.01607,-0.00108,-0.00575,0.04392,40188183.00,0.01065,1
2019,278.90,0.01065,-0.01338,0.01607,-0.00108,-0.00575,28026449.00,-0.01137,0
2019,279.20,-0.01137,0.01065,-0.01338,0.01607,-0.00108,8897906.00,-0.00786,0
2019,274.75,-0.00786,-0.01137,0.01065,-0.01338,0.01607,8992136.00,0.01344,1
2019,278.45,0.01344,-0.00786,-0.01137,0.01065,-0.01338,6998389.00,0.01070,1
2019,275.50,0.01070,0.01344,-0.00786,-0.01137,0.01065,10449713.00,-0.01287,0
2019,278.65,-0.01287,0.01070,0.01344,-0.00786,-0.01137,15346406.00,-0.00932,0
2019,280.85,-0.00932,-0.01287,0.01070,0.01344,-0.00786,18353829.00,0.01727,1
2019,277.10,0.01727,-0.00932,-0.01287,0.01070,0.01344,6056619.00,-0.00579,0
2019,274.15,-0.00579,0.01727,-0.00932,-0.01287,0.01070,9827060.00,0.00652,1
2019,277.70,0.00652,-0.00579,0.01727,-0.00932,-0.01287,8097580.00,-0.00940,0
2019,280.30,-0.00940,0.00652,-0.00579,0.01727,-0.00932,5947966.00,-0.00789,0
2019,275.50,-0.00789,-0.00940,0.00652,-0.00579,0.01727,4405887.00,0.01947,1
2019,277.10,0.01947,-0.00789,-0.00940,0.00652,-0.00579,9952322.00,-0.00436,0
2019,275.30,-0.00436,0.01947,-0.00789,-0.00940,0.00652,7341352.00,0.00018,1
2019,277.90,0.00018,-0.00436,0.01947,-0.00789,-0.00940,9993785.00,0.00290,1
2019,280.10,0.00290,0.00018,-0.00436,0.01947,-0.00789,37552143.00,0.00273,1
2019,274.70,0.00273,0.00290,0.00018,-0.00436,0.01947,40666405.00,-0.00871,0
2019,275.90,-0.00871,0.00273,0.00290,0.00018,-0.00436,34451117.00,0.00435,1
2019,275.85,0.00435,-0.00871,0.00273,0.00290,0.00018,5977880.00,0.00145,1
2019,275.05,0.00145,0.00435,-0.00871,0.00273,0.00290,6995026.00,-0.00345,0
2019,274.30,-0.00345,0.00145,0.00435,-0.00871,0.00273,8763445.00,-0.00776,0
2019,276.70,-0.00776,-0.00345,0.00145,0.00435,-0.00871,30047503.00,-0.01552,0
2019,275.50,-0.01552,-0.00776,-0.00345,0.00145,0.00435,11779606.00,-0.01126,0
2019,275.10,-0.01126,-0.01552,-0.00776,-0.00345,0.00145,13128412.00,-0.01511,0
2019,276.05,-0.01511,-0.01126,-0.01552,-0.00776,-0.00345,43208896.00,-0.00653,0
2019,278.20,-0.00653,-0.01511,-0.01126,-0.01552,-0.00776,8830848.00,-0.00325,0
2019,282.55,-0.00325,-0.00653,-0.01511,-0.01126,-0.01552,13580306.00,-0.00528,0
2019,285.75,-0.00528,-0.00325,-0.00653,-0.01511,-0.01126,20045621.00,-0.00136,0
2019,290.10,-0.00136,-0.00528,-0.00325,-0.00653,-0.01511,14287507.00,-0.00203,0
2019,292.00,-0.00203,-0.00136,-0.00528,-0.00325,-0.00653,12681454.00,0.01603,1
2019,292.95,0.01603,-0.00203,-0.00136,-0.00528,-0.00325,14720968.00,-0.00941,0
2019,294.50,-0.00941,0.01603,-0.00203,-0.00136,-0.00528,14142103.00,-0.01990,0
2019,294.90,-0.01990,-0.00941,0.01603,-0.00203,-0.00136,11070294.00,0.00184,1
2019,295.50,0.00184,-0.01990,-0.00941,0.01603,-0.00203,10113962.00,0.00234,1
2019,290.80,0.00234,0.00184,-0.01990,-0.00941,0.01603,21395473.00,0.01062,1
2019,293.55,0.01062,0.00234,0.00184,-0.01990,-0.00941,9166882.00,0.00561,1
2019,299.45,0.00561,0.01062,0.00234,0.00184,-0.01990,15756420.00,0.00102,1
2019,298.90,0.00102,0.00561,0.01062,0.00234,0.00184,15619922.00,-0.02327,0
2019,298.20,-0.02327,0.00102,0.00561,0.01062,0.00234,8067384.00,0.00921,1
2019,295.05,0.00921,-0.02327,0.00102,0.00561,0.01062,8015871.00,-0.00218,0
2019,293.40,-0.00218,0.00921,-0.02327,0.00102,0.00561,10763629.00,0.00589,1
2019,293.10,0.00589,-0.00218,0.00921,-0.02327,0.00102,8432517.00,0.00457,1
2019,300.00,0.00457,0.00589,-0.00218,0.00921,-0.02327,17752380.00,0.00085,1
2019,297.25,0.00085,0.00457,0.00589,-0.00218,0.00921,6203276.00,0.00613,1
2019,297.90,0.00613,0.00085,0.00457,0.00589,-0.00218,9849417.00,-0.01205,0
2019,296.15,-0.01205,0.00613,0.00085,0.00457,0.00589,9064767.00,0.00541,1
2019,294.80,0.00541,-0.01205,0.00613,0.00085,0.00457,6965053.00,-0.00575,0
2019,294.55,-0.00575,0.00541,-0.01205,0.00613,0.00085,7806991.00,-0.03106,0
2019,292.75,-0.03106,-0.00575,0.00541,-0.01205,0.00613,5288853.00,0.00082,1
2019,296.30,0.00082,-0.03106,-0.00575,0.00541,-0.01205,6175672.00,-0.00555,0
2019,294.70,-0.00555,0.00082,-0.03106,-0.00575,0.00541,5334642.00,0.00916,1
2019,296.40,0.00916,-0.00555,0.00082,-0.03106,-0.00575,10764968.00,0.00858,1
2019,305.75,0.00858,0.00916,-0.00555,0.00082,-0.03106,21818291.00,-0.00529,0
2019,305.50,-0.00529,0.00858,0.00916,-0.00555,0.00082,12612414.00,-0.01000,0
2019,307.20,-0.01000,-0.00529,0.00858,0.00916,-0.00555,9746168.00,0.00753,1
2019,304.40,0.00753,-0.01000,-0.00529,0.00858,0.00916,8838122.00,-0.00131,0
2019,301.80,-0.00131,0.00753,-0.01000,-0.00529,0.00858,6672456.00,0.01056,1
2019,303.40,0.01056,-0.00131,0.00753,-0.01000,-0.00529,7496038.00,-0.01204,0
2019,306.45,-0.01204,0.01056,-0.00131,0.00753,-0.01000,11447878.00,0.00246,1
2019,304.15,0.00246,-0.01204,0.01056,-0.00131,0.00753,23240675.00,-0.00900,0
2019,304.55,-0.00900,0.00246,-0.01204,0.01056,-0.00131,4654775.00,0.01675,1
2019,301.35,0.01675,-0.00900,0.00246,-0.01204,0.01056,11163210.00,0.00415,1
2019,305.00,0.00415,0.01675,-0.00900,0.00246,-0.01204,7493271.00,0.00266,1
2019,304.25,0.00266,0.00415,0.01675,-0.00900,0.00246,5885895.00,0.00703,1
2019,307.00,0.00703,0.00266,0.00415,0.01675,-0.00900,6737627.00,0.02879,1
2019,301.90,0.02879,0.00703,0.00266,0.00415,0.01675,8655871.00,-0.01731,0
2019,300.65,-0.01731,0.02879,0.00703,0.00266,0.00415,7876031.00,-0.00913,0
2019,299.85,-0.00913,-0.01731,0.02879,0.00703,0.00266,10223616.00,0.00777,1
2019,297.75,0.00777,-0.00913,-0.01731,0.02879,0.00703,6904657.00,-0.02231,0
2019,289.30,-0.02231,0.00777,-0.00913,-0.01731,0.02879,35880558.00,-0.01841,0
2019,294.35,-0.01841,-0.02231,0.00777,-0.00913,-0.01731,21145245.00,0.00359,1
2019,297.05,0.00359,-0.01841,-0.02231,0.00777,-0.00913,17894032.00,0.02031,1
2019,294.75,0.02031,0.00359,-0.01841,-0.02231,0.00777,7354375.00,0.03929,1
2019,301.40,0.03929,0.02031,0.00359,-0.01841,-0.02231,11194900.00,-0.00778,0
2019,307.00,-0.00778,0.03929,0.02031,0.00359,-0.01841,11013451.00,-0.00138,0
2019,305.90,-0.00138,-0.00778,0.03929,0.02031,0.00359,10518883.00,0.00673,1
2019,299.75,0.00673,-0.00138,-0.00778,0.03929,0.02031,13737694.00,0.00277,1
2019,288.20,0.00277,0.00673,-0.00138,-0.00778,0.03929,31380501.00,-0.00191,0
2019,290.45,-0.00191,0.00277,0.00673,-0.00138,-0.00778,10879657.00,0.03562,1
2019,290.85,0.03562,-0.00191,0.00277,0.00673,-0.00138,9024193.00,0.00000,0
2019,288.90,0.00000,0.03562,-0.00191,0.00277,0.00673,15598601.00,-0.00251,0
2019,288.10,-0.00251,0.00000,0.03562,-0.00191,0.00277,7255516.00,0.01261,1
2019,288.65,0.01261,-0.00251,0.00000,0.03562,-0.00191,8656311.00,0.00181,1
2019,278.55,0.00181,0.01261,-0.00251,0.00000,0.03562,26281811.00,-0.01496,0
2019,278.55,-0.01496,0.00181,0.01261,-0.00251,0.00000,19569620.00,-0.00161,0
2019,279.25,-0.00161,-0.01496,0.00181,0.01261,-0.00251,13850737.00,-0.00036,0
2019,275.75,-0.00036,-0.00161,-0.01496,0.00181,0.01261,10660963.00,-0.00232,0
2019,275.25,-0.00232,-0.00036,-0.00161,-0.01496,0.00181,7699206.00,0.00913,1
2019,279.40,0.00913,-0.00232,-0.00036,-0.00161,-0.01496,8615348.00,0.01103,1
2019,279.85,0.01103,0.00913,-0.00232,-0.00036,-0.00161,8461371.00,-0.00036,0
2019,279.95,-0.00036,0.01103,0.00913,-0.00232,-0.00036,8247867.00,-0.00760,0
2019,280.60,-0.00760,-0.00036,0.01103,0.00913,-0.00232,7198584.00,0.00072,1
2019,278.05,0.00072,-0.00760,-0.00036,0.01103,0.00913,7908039.00,0.00998,1
2019,275.00,0.00998,0.00072,-0.00760,-0.00036,0.01103,10013278.00,-0.00727,0
2019,275.10,-0.00727,0.00998,0.00072,-0.00760,-0.00036,13845733.00,-0.00811,0
2019,277.20,-0.00811,-0.00727,0.00998,0.00072,-0.00760,9046515.00,0.00396,1
2019,277.00,0.00396,-0.00811,-0.00727,0.00998,0.00072,10566110.00,0.01416,1
2019,274.25,0.01416,0.00396,-0.00811,-0.00727,0.00998,18595809.00,-0.00128,0
2019,276.25,-0.00128,0.01416,0.00396,-0.00811,-0.00727,8935066.00,-0.00401,0
2019,278.50,-0.00401,-0.00128,0.01416,0.00396,-0.00811,12379897.00,0.00401,1
2019,277.40,0.00401,-0.00401,-0.00128,0.01416,0.00396,7421269.00,-0.01035,0
2019,273.50,-0.01035,0.00401,-0.00401,-0.00128,0.01416,23308215.00,-0.00343,0
2019,273.85,-0.00343,-0.01035,0.00401,-0.00401,-0.00128,8449727.00,-0.00646,0
2019,274.95,-0.00646,-0.00343,-0.01035,0.00401,-0.00401,5042447.00,0.00718,1
2019,273.85,0.00718,-0.00646,-0.00343,-0.01035,0.00401,9976439.00,0.01580,1
2019,276.70,0.01580,0.00718,-0.00646,-0.00343,-0.01035,18120809.00,-0.00018,0
2019,277.65,-0.00018,0.01580,0.00718,-0.00646,-0.00343,9697597.00,-0.00911,0
2019,279.45,-0.00911,-0.00018,0.01580,0.00718,-0.00646,37047327.00,0.00218,1
2019,277.45,0.00218,-0.00911,-0.00018,0.01580,0.00718,12169249.00,0.01502,1
2019,273.10,0.01502,0.00218,-0.00911,-0.00018,0.01580,7706490.00,-0.00368,0
2019,273.15,-0.00368,0.01502,0.00218,-0.00911,-0.00018,8162744.00,-0.00349,0
2019,275.65,-0.00349,-0.00368,0.01502,0.00218,-0.00911,8403695.00,-0.00037,0
2019,275.05,-0.00037,-0.00349,-0.00368,0.01502,0.00218,10468936.00,0.01737,1
2019,270.95,0.01737,-0.00037,-0.00349,-0.00368,0.01502,8536705.00,0.01464,1
2019,271.95,0.01464,0.01737,-0.00037,-0.00349,-0.00368,6357525.00,-0.02336,0
2019,272.90,-0.02336,0.01464,0.01737,-0.00037,-0.00349,6294203.00,-0.00074,0
2019,273.00,-0.00074,-0.02336,0.01464,0.01737,-0.00037,9096757.00,0.01114,1
2019,268.30,0.01114,-0.00074,-0.02336,0.01464,0.01737,7986847.00,-0.00948,0
2019,264.40,-0.00948,0.01114,-0.00074,-0.02336,0.01464,13516960.00,0.00985,1
2019,270.65,0.00985,-0.00948,0.01114,-0.00074,-0.02336,14396986.00,-0.00429,0
2019,270.85,-0.00429,0.00985,-0.00948,0.01114,-0.00074,12072603.00,-0.00482,0
2019,267.85,-0.00482,-0.00429,0.00985,-0.00948,0.01114,17669912.00,0.00986,1
2019,270.40,0.00986,-0.00482,-0.00429,0.00985,-0.00948,4788040.00,0.01147,1
2019,267.75,0.01147,0.00986,-0.00482,-0.00429,0.00985,5525308.00,0.01793,1
2019,268.90,0.01793,0.01147,0.00986,-0.00482,-0.00429,13233351.00,0.00347,1
2019,270.20,0.00347,0.01793,0.01147,0.00986,-0.00482,13649764.00,0.02049,1
2019,267.55,0.02049,0.00347,0.01793,0.01147,0.00986,5925611.00,-0.01603,0
2019,264.50,-0.01603,0.02049,0.00347,0.01793,0.01147,8890911.00,0.01387,1
2019,259.80,0.01387,-0.01603,0.02049,0.00347,0.01793,11556743.00,0.03157,1
2019,258.90,0.03157,0.01387,-0.01603,0.02049,0.00347,9408544.00,-0.00990,0
2019,253.65,-0.00990,0.03157,0.01387,-0.01603,0.02049,8489812.00,-0.01694,0
2019,257.75,-0.01694,-0.00990,0.03157,0.01387,-0.01603,6370866.00,0.00575,1
2019,254.20,0.00575,-0.01694,-0.00990,0.03157,0.01387,9927337.00,0.02028,1
2019,246.30,0.02028,0.00575,-0.01694,-0.00990,0.03157,20992894.00,0.02070,1
2019,248.75,0.02070,0.02028,0.00575,-0.01694,-0.00990,13809031.00,0.00582,1
2019,253.00,0.00582,0.02070,0.02028,0.00575,-0.01694,10337358.00,0.01659,1
2019,251.55,0.01659,0.00582,0.02070,0.02028,0.00575,12524627.00,-0.02675,0
2019,246.50,-0.02675,0.01659,0.00582,0.02070,0.02028,15000271.00,-0.01230,0
2019,241.45,-0.01230,-0.02675,0.01659,0.00582,0.02070,14736226.00,-0.00183,0
2019,240.05,-0.00183,-0.01230,-0.02675,0.01659,0.00582,10513066.00,0.01950,1
2019,236.10,0.01950,-0.00183,-0.01230,-0.02675,0.01659,16440329.00,-0.01828,0
2019,242.50,-0.01828,0.01950,-0.00183,-0.01230,-0.02675,12857092.00,0.01683,1
2019,245.50,0.01683,-0.01828,0.01950,-0.00183,-0.01230,14529777.00,-0.00701,0
2019,245.95,-0.00701,0.01683,-0.01828,0.01950,-0.00183,8894489.00,-0.00410,0
2019,241.20,-0.00410,-0.00701,0.01683,-0.01828,0.01950,11105245.00,0.00143,1
2019,245.65,0.00143,-0.00410,-0.00701,0.01683,-0.01828,11772247.00,-0.00654,0
2019,241.55,-0.00654,0.00143,-0.00410,-0.00701,0.01683,9546229.00,0.00715,1
2019,243.25,0.00715,-0.00654,0.00143,-0.00410,-0.00701,7032392.00,0.01238,1
2019,244.25,0.01238,0.00715,-0.00654,0.00143,-0.00410,8451611.00,0.00354,1
2019,243.90,0.00354,0.01238,0.00715,-0.00654,0.00143,8704669.00,0.00209,1
2019,245.50,0.00209,0.00354,0.01238,0.00715,-0.00654,9085228.00,0.00923,1
2019,243.75,0.00923,0.00209,0.00354,0.01238,0.00715,8968683.00,-0.00861,0
2019,240.75,-0.00861,0.00923,0.00209,0.00354,0.01238,8083759.00,0.01072,1
2019,239.90,0.01072,-0.00861,0.00923,0.00209,0.00354,14031943.00,-0.00569,0
2019,239.40,-0.00569,0.01072,-0.00861,0.00923,0.00209,7084644.00,-0.06819,0
2019,237.20,-0.06819,-0.00569,0.01072,-0.00861,0.00923,10672279.00,-0.00450,0
2019,239.25,-0.00450,-0.06819,-0.00569,0.01072,-0.00861,19956339.00,0.03356,1
2019,236.70,0.03356,-0.00450,-0.06819,-0.00569,0.01072,8483309.00,-0.01145,0
2019,238.05,-0.01145,0.03356,-0.00450,-0.06819,-0.00569,63568127.00,-0.01013,0
2019,254.85,-0.01013,-0.01145,0.03356,-0.00450,-0.06819,52040316.00,-0.02691,0
2019,256.00,-0.02691,-0.01013,-0.01145,0.03356,-0.00450,17167257.00,0.01532,1
2019,247.55,0.01532,-0.02691,-0.01013,-0.01145,0.03356,20597095.00,-0.02222,0
2019,250.40,-0.02222,0.01532,-0.02691,-0.01013,-0.01145,17847616.00,0.01696,1
2019,252.95,0.01696,-0.02222,0.01532,-0.02691,-0.01013,17535666.00,0.02102,1
2019,259.85,0.02102,0.01696,-0.02222,0.01532,-0.02691,20588289.00,0.01924,1
2019,255.90,0.01924,0.02102,0.01696,-0.02222,0.01532,15440899.00,0.01591,1
2019,261.65,0.01591,0.01924,0.02102,0.01696,-0.02222,12356337.00,-0.00308,0
2019,257.25,-0.00308,0.01591,0.01924,0.02102,0.01696,18085064.00,-0.00061,0
2019,251.90,-0.00061,-0.00308,0.01591,0.01924,0.02102,21263568.00,-0.01424,0
2019,247.10,-0.01424,-0.00061,-0.00308,0.01591,0.01924,21503869.00,0.01608,1
2019,243.20,0.01608,-0.01424,-0.00061,-0.00308,0.01591,24294966.00,-0.00899,0
2019,243.95,-0.00899,0.01608,-0.01424,-0.00061,-0.00308,25072193.00,-0.00264,0
2019,244.10,-0.00264,-0.00899,0.01608,-0.01424,-0.00061,14713799.00,-0.00969,0
2019,247.60,-0.00969,-0.00264,-0.00899,0.01608,-0.01424,9989191.00,-0.00860,0
2019,243.65,-0.00860,-0.00969,-0.00264,-0.00899,0.01608,16063295.00,0.00800,1
2019,245.85,0.00800,-0.00860,-0.00969,-0.00264,-0.00899,13649598.00,0.00544,1
2019,246.50,0.00544,0.00800,-0.00860,-0.00969,-0.00264,12833554.00,-0.01084,0
2019,248.90,-0.01084,0.00544,0.00800,-0.00860,-0.00969,18275636.00,-0.01132,0
2019,251.05,-0.01132,-0.01084,0.00544,0.00800,-0.00860,12831461.00,-0.02399,0
2019,249.05,-0.02399,-0.01132,-0.01084,0.00544,0.00800,16791340.00,0.00677,1
2019,247.70,0.00677,-0.02399,-0.01132,-0.01084,0.00544,32591192.00,-0.01407,0
2019,250.40,-0.01407,0.00677,-0.02399,-0.01132,-0.01084,3131726.00,0.00211,1
2019,253.25,0.00211,-0.01407,0.00677,-0.02399,-0.01132,11937562.00,-0.00821,0
2019,259.40,-0.00821,0.00211,-0.01407,0.00677,-0.02399,34291157.00,0.00591,1
2019,257.65,0.00591,-0.00821,0.00211,-0.01407,0.00677,16654994.00,-0.01707,0
2019,261.30,-0.01707,0.00591,-0.00821,0.00211,-0.01407,12571588.00,0.02033,1
2019,260.75,0.02033,-0.01707,0.00591,-0.00821,0.00211,7895272.00,0.00404,1
2019,262.90,0.00404,0.02033,-0.01707,0.00591,-0.00821,10278362.00,0.02182,1
2019,261.35,0.02182,0.00404,0.02033,-0.01707,0.00591,8857419.00,-0.00020,0
2019,265.85,-0.00020,0.02182,0.00404,0.02033,-0.01707,14782434.00,0.01288,1
2019,260.50,0.01288,-0.00020,0.02182,0.00404,0.02033,11899353.00,-0.00040,0
2019,259.45,-0.00040,0.01288,-0.00020,0.02182,0.00404,7245151.00,0.00580,1
2019,253.85,0.00580,-0.00040,0.01288,-0.00020,0.02182,10269356.00,-0.00560,0
2019,253.90,-0.00560,0.00580,-0.00040,0.01288,-0.00020,8880734.00,0.02015,1
2019,250.65,0.02015,-0.00560,0.00580,-0.00040,0.01288,16741465.00,-0.00791,0
2019,250.75,-0.00791,0.02015,-0.00560,0.00580,-0.00040,7864919.00,-0.00040,0
2019,249.30,-0.00040,-0.00791,0.02015,-0.00560,0.00580,12152981.00,-0.00563,0
2019,250.70,-0.00563,-0.00040,-0.00791,0.02015,-0.00560,9978073.00,0.00887,1
2019,245.70,0.00887,-0.00563,-0.00040,-0.00791,0.02015,10393219.00,0.00101,1
2019,247.65,0.00101,0.00887,-0.00563,-0.00040,-0.00791,16370384.00,0.00122,1
2019,247.75,0.00122,0.00101,0.00887,-0.00563,-0.00040,10586688.00,0.00590,1
2019,249.15,0.00590,0.00122,0.00101,0.00887,-0.00563,19778030.00,0.00368,1
2019,246.95,0.00368,0.00590,0.00122,0.00101,0.00887,8841620.00,0.00369,1
2019,246.70,0.00369,0.00368,0.00590,0.00122,0.00101,10992718.00,-0.01551,0
2019,246.40,-0.01551,0.00369,0.00368,0.00590,0.00122,9807979.00,0.01469,1
2019,244.95,0.01469,-0.01551,0.00369,0.00368,0.00590,9972664.00,0.00784,1
2019,244.05,0.00784,0.01469,-0.01551,0.00369,0.00368,8129241.00,0.02453,1
2019,243.15,0.02453,0.00784,0.01469,-0.01551,0.00369,11946661.00,-0.00845,0
2019,246.95,-0.00845,0.02453,0.00784,0.01469,-0.01551,11265857.00,-0.00399,0
2019,243.35,-0.00399,-0.00845,0.02453,0.00784,0.01469,10374270.00,-0.01270,0
2019,241.45,-0.01270,-0.00399,-0.00845,0.02453,0.00784,6722758.00,0.01965,1
2019,235.60,0.01965,-0.01270,-0.00399,-0.00845,0.02453,15380232.00,-0.01737,0
2019,237.60,-0.01737,0.01965,-0.01270,-0.00399,-0.00845,13799825.00,-0.01687,0
2019,238.55,-0.01687,-0.01737,0.01965,-0.01270,-0.00399,10307052.00,0.00327,1
2019,241.60,0.00327,-0.01687,-0.01737,0.01965,-0.01270,8205457.00,0.01318,1
2019,236.90,0.01318,0.00327,-0.01687,-0.01737,0.01965,12014269.00,0.00937,1
2019,241.05,0.00937,0.01318,0.00327,-0.01687,-0.01737,15921196.00,0.00063,1
2019,245.15,0.00063,0.00937,0.01318,0.00327,-0.01687,17134732.00,0.00820,1
2019,244.35,0.00820,0.00063,0.00937,0.01318,0.00327,9339714.00,-0.00042,0
2019,241.15,-0.00042,0.00820,0.00063,0.00937,0.01318,13958336.00,-0.00547,0
2019,238.90,-0.00547,-0.00042,0.00820,0.00063,0.00937,19082124.00,0.00210,1
2019,238.75,0.00210,-0.00547,-0.00042,0.00820,0.00063,7896150.00,-0.00168,0
2019,236.80,-0.00168,0.00210,-0.00547,-0.00042,0.00820,14460325.00,-0.00732,0
2019,236.90,-0.00732,-0.00168,0.00210,-0.00547,-0.00042,8712539.00,0.00564,1
2019,238.20,0.00564,-0.00732,-0.00168,0.00210,-0.00547,13173134.00,0.01436,1
2019,237.70,0.01436,0.00564,-0.00732,-0.00168,0.00210,7142051.00,-0.00106,0
2020,238.10,-0.00106,0.01436,0.00564,-0.00732,-0.00168,4208837.00,0.00490,1
2020,239.85,0.00490,-0.00106,0.01436,0.00564,-0.00732,8402979.00,-0.00681,0
2020,238.50,-0.00681,0.00490,-0.00106,0.01436,0.00564,9284478.00,-0.00929,0
2020,235.10,-0.00929,-0.00681,0.00490,-0.00106,0.01436,7636617.00,-0.00524,0
2020,235.35,-0.00524,-0.00929,-0.00681,0.00490,-0.00106,8416741.00,-0.01658,0
2020,234.20,-0.01658,-0.00524,-0.00929,-0.00681,0.00490,7043211.00,0.00350,1
2020,235.80,0.00350,-0.01658,-0.00524,-0.00929,-0.00681,9452653.00,0.00683,1
2020,238.00,0.00683,0.00350,-0.01658,-0.00524,-0.00929,9973746.00,0.00333,1
2020,239.25,0.00333,0.00683,0.00350,-0.01658,-0.00524,12243639.00,-0.00809,0
2020,243.25,-0.00809,0.00333,0.00683,0.00350,-0.01658,11843444.00,0.01436,1
2020,242.40,0.01436,-0.00809,0.00333,0.00683,0.00350,5476729.00,0.00168,1
2020,240.75,0.00168,0.01436,-0.00809,0.00333,0.00683,9369668.00,0.00063,1
2020,239.95,0.00063,0.00168,0.01436,-0.00809,0.00333,7392403.00,-0.00105,0
2020,241.90,-0.00105,0.00063,0.00168,0.01436,-0.00809,8020816.00,0.01502,1
2020,238.45,0.01502,-0.00105,0.00063,0.00168,0.01436,9571070.00,0.01655,1
2020,238.05,0.01655,0.01502,-0.00105,0.00063,0.00168,7654918.00,-0.02525,0
2020,237.90,-0.02525,0.01655,0.01502,-0.00105,0.00063,6120434.00,0.01105,1
2020,238.15,0.01105,-0.02525,0.01655,0.01502,-0.00105,6801874.00,-0.00469,0
2020,234.60,-0.00469,0.01105,-0.02525,0.01655,0.01502,6837613.00,0.12461,1
2020,230.75,0.12461,-0.00469,0.01105,-0.02525,0.01655,14582907.00,-0.03804,0
2020,236.65,-0.03804,0.12461,-0.00469,0.01105,-0.02525,20469708.00,-0.00370,0
2020,234.05,-0.00370,-0.03804,0.12461,-0.00469,0.01105,10394149.00,0.01349,1
2020,235.15,0.01349,-0.00370,-0.03804,0.12461,-0.00469,18455880.00,0.00070,1
2020,207.60,0.00070,0.01349,-0.00370,-0.03804,0.12461,79764370.00,0.01345,1
2020,215.65,0.01345,0.00070,0.01349,-0.00370,-0.03804,35767812.00,-0.00969,0
2020,216.45,-0.00969,0.01345,0.00070,0.01349,-0.00370,21253607.00,-0.00211,0
2020,213.55,-0.00211,-0.00969,0.01345,0.00070,0.01349,27388582.00,0.00541,1
2020,213.40,0.00541,-0.00211,-0.00969,0.01345,0.00070,17133407.00,0.02002,1
2020,210.55,0.02002,0.00541,-0.00211,-0.00969,0.01345,9617387.00,0.01406,1
2020,212.60,0.01406,0.02002,0.00541,-0.00211,-0.00969,29803784.00,0.00465,1
2020,213.05,0.00465,0.01406,0.02002,0.00541,-0.00211,9928416.00,-0.01388,0
2020,211.90,-0.01388,0.00465,0.01406,0.02002,0.00541,9153131.00,-0.00362,0
2020,207.70,-0.00362,-0.01388,0.00465,0.01406,0.02002,13731692.00,0.02168,1
2020,204.80,0.02168,-0.00362,-0.01388,0.00465,0.01406,15561953.00,0.00593,1
2020,203.85,0.00593,0.02168,-0.00362,-0.01388,0.00465,20934864.00,0.01598,1
2020,206.70,0.01598,0.00593,0.02168,-0.00362,-0.01388,9054560.00,0.00530,1
2020,207.45,0.00530,0.01598,0.00593,0.02168,-0.00362,15592846.00,0.00000,0
2020,203.00,0.00000,0.00530,0.01598,0.00593,0.02168,16594046.00,0.01145,1
2020,201.80,0.01145,0.00000,0.00530,0.01598,0.00593,15313516.00,0.00745,1
2020,198.60,0.00745,0.01145,0.00000,0.00530,0.01598,17869240.00,0.03331,1
2020,197.55,0.03331,0.00745,0.01145,0.00000,0.00530,17271066.00,-0.00293,0
2020,197.55,-0.00293,0.03331,0.00745,0.01145,0.00000,32628444.00,0.03408,1
2020,195.30,0.03408,-0.00293,0.03331,0.00745,0.01145,18560049.00,0.02535,1
2020,193.85,0.02535,0.03408,-0.00293,0.03331,0.00745,17947416.00,0.00879,1
2020,187.50,0.00879,0.02535,0.03408,-0.00293,0.03331,27664076.00,0.11992,1
2020,188.05,0.11992,0.00879,0.02535,0.03408,-0.00293,20025924.00,-0.04057,0
2020,181.75,-0.04057,0.11992,0.00879,0.02535,0.03408,26764504.00,0.09701,1
2020,177.20,0.09701,-0.04057,0.11992,0.00879,0.02535,21794299.00,-0.01282,0
2020,175.65,-0.01282,0.09701,-0.04057,0.11992,0.00879,27956087.00,-0.01034,0
2020,155.80,-0.01034,-0.01282,0.09701,-0.04057,0.11992,52039692.00,-0.07138,0
2020,162.25,-0.07138,-0.01034,-0.01282,0.09701,-0.04057,61590681.00,-0.08097,0
2020,147.25,-0.08097,-0.07138,-0.01034,-0.01282,0.09701,33254907.00,0.12874,1
2020,149.15,0.12874,-0.08097,-0.07138,-0.01034,-0.01282,47657482.00,0.03027,1
2020,150.70,0.03027,0.12874,-0.08097,-0.07138,-0.01034,50243331.00,0.01582,1
2020,161.85,0.01582,0.03027,0.12874,-0.08097,-0.07138,89748454.00,-0.05961,0
2020,175.50,-0.05961,0.01582,0.03027,0.12874,-0.08097,61996400.00,-0.04256,0
2020,154.30,-0.04256,-0.05961,0.01582,0.03027,0.12874,51353150.00,0.02482,1
2020,149.70,0.02482,-0.04256,-0.05961,0.01582,0.03027,52552796.00,-0.07559,0
2020,147.35,-0.07559,0.02482,-0.04256,-0.05961,0.01582,62505978.00,0.03135,1
2020,156.40,0.03135,-0.07559,0.02482,-0.04256,-0.05961,58443451.00,-0.06683,0
2020,163.20,-0.06683,0.03135,-0.07559,0.02482,-0.04256,32636484.00,-0.02031,0
2020,159.20,-0.02031,-0.06683,0.03135,-0.07559,0.02482,28120340.00,0.01610,1
2020,171.70,0.01610,-0.02031,-0.06683,0.03135,-0.07559,42630666.00,-0.03628,0
2020,166.40,-0.03628,0.01610,-0.02031,-0.06683,0.03135,18141970.00,0.01990,1
2020,177.90,0.01990,-0.03628,0.01610,-0.02031,-0.06683,62867436.00,-0.04179,0
2020,181.55,-0.04179,0.01990,-0.03628,0.01610,-0.02031,36118591.00,0.01597,1
2020,178.65,0.01597,-0.04179,0.01990,-0.03628,0.01610,37561082.00,-0.00935,0
2020,185.25,-0.00935,0.01597,-0.04179,0.01990,-0.03628,42626960.00,0.04014,1
2020,181.60,0.04014,-0.00935,0.01597,-0.04179,0.01990,17744169.00,0.00611,1
2020,189.35,0.00611,0.04014,-0.00935,0.01597,-0.04179,49092699.00,-0.01465,0
2020,186.35,-0.01465,0.00611,0.04014,-0.00935,0.01597,27080032.00,0.00937,1
2020,188.10,0.00937,-0.01465,0.00611,0.04014,-0.00935,26667421.00,0.00277,1
2020,180.70,0.00277,0.00937,-0.01465,0.00611,0.04014,35764287.00,0.00111,1
2020,179.60,0.00111,0.00277,0.00937,-0.01465,0.00611,23333661.00,0.00223,1
2020,182.25,0.00223,0.00111,0.00277,0.00937,-0.01465,25163402.00,-0.01493,0
2020,180.55,-0.01493,0.00223,0.00111,0.00277,0.00937,32968029.00,0.00055,1
2020,180.05,0.00055,-0.01493,0.00223,0.00111,0.00277,18049697.00,0.04494,1
2020,179.85,0.04494,0.00055,-0.01493,0.00223,0.00111,13085703.00,0.00086,1
2020,179.45,0.00086,0.04494,0.00055,-0.01493,0.00223,17802635.00,0.05922,1
2020,182.15,0.05922,0.00086,0.04494,0.00055,-0.01493,21461067.00,0.01785,1
2020,182.05,0.01785,0.05922,0.00086,0.04494,0.00055,30164713.00,0.01723,1
2020,174.05,0.01723,0.01785,0.05922,0.00086,0.04494,30294317.00,-0.00126,0
2020,173.90,-0.00126,0.01723,0.01785,0.05922,0.00086,17707577.00,-0.04081,0
2020,163.90,-0.04081,-0.00126,0.01723,0.01785,0.05922,65586734.00,-0.00212,0
2020,161.00,-0.00212,-0.04081,-0.00126,0.01723,0.01785,24249585.00,0.00972,1
2020,158.25,0.00972,-0.00212,-0.04081,-0.00126,0.01723,25307015.00,-0.00518,0
2020,158.45,-0.00518,0.00972,-0.00212,-0.04081,-0.00126,18095473.00,-0.00061,0
2020,165.05,-0.00061,-0.00518,0.00972,-0.00212,-0.04081,21387527.00,-0.03577,0
2020,165.40,-0.03577,-0.00061,-0.00518,0.00972,-0.00212,20015124.00,-0.02886,0
2020,163.80,-0.02886,-0.03577,-0.00061,-0.00518,0.00972,14949993.00,-0.07242,0
2020,164.65,-0.07242,-0.02886,-0.03577,-0.00061,-0.00518,14950243.00,0.01386,1
2020,164.75,0.01386,-0.07242,-0.02886,-0.03577,-0.00061,20801299.00,-0.02830,0
2020,170.75,-0.02830,0.01386,-0.07242,-0.02886,-0.03577,20142171.00,-0.00234,0
2020,175.75,-0.00234,-0.02830,0.01386,-0.07242,-0.02886,25320734.00,0.00784,1
2020,188.95,0.00784,-0.00234,-0.02830,0.01386,-0.07242,58382197.00,-0.03454,0
2020,186.35,-0.03454,0.00784,-0.00234,-0.02830,0.01386,39013770.00,-0.01608,0
2020,191.70,-0.01608,-0.03454,0.00784,-0.00234,-0.02830,53233404.00,0.01659,1
2020,192.15,0.01659,-0.01608,-0.03454,0.00784,-0.00234,24546119.00,0.00279,1
2020,190.65,0.00279,0.01659,-0.01608,-0.03454,0.00784,24578072.00,-0.01739,0
2020,197.35,-0.01739,0.00279,0.01659,-0.01608,-0.03454,35834621.00,0.00075,1
2020,200.55,0.00075,-0.01739,0.00279,0.01659,-0.01608,28508405.00,0.01182,1
2020,197.25,0.01182,0.00075,-0.01739,0.00279,0.01659,22631373.00,-0.00429,0
2020,196.70,-0.00429,0.01182,0.00075,-0.01739,0.00279,18979188.00,-0.00277,0
2020,200.15,-0.00277,-0.00429,0.01182,0.00075,-0.01739,21996048.00,0.02441,1
2020,200.00,0.02441,-0.00277,-0.00429,0.01182,0.00075,14629659.00,0.00180,1
2020,197.65,0.00180,0.02441,-0.00277,-0.00429,0.01182,19551313.00,0.03516,1
2020,198.50,0.03516,0.00180,0.02441,-0.00277,-0.00429,39914264.00,0.01182,1
2020,199.05,0.01182,0.03516,0.00180,0.02441,-0.00277,27199665.00,0.02075,1
2020,194.25,0.02075,0.01182,0.03516,0.00180,0.02441,19847133.00,-0.02937,0
2020,193.90,-0.02937,0.02075,0.01182,0.03516,0.00180,22562768.00,0.01376,1
2020,187.20,0.01376,-0.02937,0.02075,0.01182,0.03516,24462536.00,-0.00515,0
2020,185.00,-0.00515,0.01376,-0.02937,0.02075,0.01182,27636105.00,-0.00458,0
2020,181.20,-0.00458,-0.00515,0.01376,-0.02937,0.02075,24027295.00,-0.03177,0
2020,186.60,-0.03177,-0.00458,-0.00515,0.01376,-0.02937,28887489.00,-0.05205,0
2020,184.05,-0.05205,-0.03177,-0.00458,-0.00515,0.01376,30531449.00,0.03474,1
2020,185.00,0.03474,-0.05205,-0.03177,-0.00458,-0.00515,31395991.00,-0.01045,0
2020,185.85,-0.01045,0.03474,-0.05205,-0.03177,-0.00458,26546793.00,0.01327,1
2020,191.85,0.01327,-0.01045,0.03474,-0.05205,-0.03177,54652978.00,-0.04151,0
2020,202.10,-0.04151,0.01327,-0.01045,0.03474,-0.05205,75574255.00,-0.01443,0
2020,195.20,-0.01443,-0.04151,0.01327,-0.01045,0.03474,71956002.00,-0.00822,0
2020,197.25,-0.00822,-0.01443,-0.04151,0.01327,-0.01045,91503336.00,0.03806,1
2020,194.65,0.03806,-0.00822,-0.01443,-0.04151,0.01327,41210494.00,0.02817,1
2020,202.90,0.02817,0.03806,-0.00822,-0.01443,-0.04151,44297953.00,-0.01050,0
2020,205.85,-0.01050,0.02817,0.03806,-0.00822,-0.01443,39320871.00,0.00434,1
2020,207.55,0.00434,-0.01050,0.02817,0.03806,-0.00822,37893277.00,0.00564,1
2020,199.80,0.00564,0.00434,-0.01050,0.02817,0.03806,34710176.00,-0.01633,0
2020,194.25,-0.01633,0.00564,0.00434,-0.01050,0.02817,31263172.00,0.00839,1
2020,196.30,0.00839,-0.01633,0.00564,0.00434,-0.01050,21274354.00,-0.01419,0
2020,195.45,-0.01419,0.00839,-0.01633,0.00564,0.00434,18769502.00,0.02471,1
2020,194.35,0.02471,-0.01419,0.00839,-0.01633,0.00564,16191544.00,-0.00103,0
2020,197.55,-0.00103,0.02471,-0.01419,0.00839,-0.01633,20297515.00,0.00698,1
2020,195.90,0.00698,-0.00103,0.02471,-0.01419,0.00839,18474376.00,0.00234,1
2020,198.70,0.00234,0.00698,-0.00103,0.02471,-0.01419,23776757.00,-0.02212,0
2020,193.85,-0.02212,0.00234,0.00698,-0.00103,0.02471,22144320.00,-0.02089,0
2020,194.05,-0.02089,-0.02212,0.00234,0.00698,-0.00103,14882294.00,0.00550,1
2020,192.70,0.00550,-0.02089,-0.02212,0.00234,0.00698,18914963.00,0.01616,1
2020,192.25,0.01616,0.00550,-0.02089,-0.02212,0.00234,28010715.00,0.00510,1
2020,196.55,0.00510,0.01616,0.00550,-0.02089,-0.02212,32572133.00,-0.00663,0
2020,200.70,-0.00663,0.00510,0.01616,0.00550,-0.02089,31488108.00,0.01718,1
2020,199.60,0.01718,-0.00663,0.00510,0.01616,0.00550,60183102.00,-0.00413,0
2020,196.40,-0.00413,0.01718,-0.00663,0.00510,0.01616,22645697.00,0.00802,1
2020,195.40,0.00802,-0.00413,0.01718,-0.00663,0.00510,19287132.00,-0.00544,0
2020,196.70,-0.00544,0.00802,-0.00413,0.01718,-0.00663,14831635.00,0.00440,1
2020,193.35,0.00440,-0.00544,0.00802,-0.00413,0.01718,16315231.00,-0.01314,0
2020,194.15,-0.01314,0.00440,-0.00544,0.00802,-0.00413,16652851.00,-0.00358,0
2020,192.60,-0.00358,-0.01314,0.00440,-0.00544,0.00802,13265411.00,-0.01418,0
2020,193.65,-0.01418,-0.00358,-0.01314,0.00440,-0.00544,17187619.00,-0.02090,0
2020,192.80,-0.02090,-0.01418,-0.00358,-0.01314,0.00440,48768332.00,-0.00565,0
2020,195.35,-0.00565,-0.02090,-0.01418,-0.00358,-0.01314,17886089.00,0.01356,1
2020,196.05,0.01356,-0.00565,-0.02090,-0.01418,-0.00358,20911818.00,0.02539,1
2020,198.85,0.02539,0.01356,-0.00565,-0.02090,-0.01418,16474505.00,-0.01189,0
2020,203.05,-0.01189,0.02539,0.01356,-0.00565,-0.02090,55142972.00,0.00101,1
2020,204.20,0.00101,-0.01189,0.02539,0.01356,-0.00565,21287010.00,0.00050,1
2020,201.45,0.00050,0.00101,-0.01189,0.02539,0.01356,22698888.00,0.01344,1
2020,196.40,0.01344,0.00050,0.00101,-0.01189,0.02539,28751298.00,-0.00509,0
2020,198.75,-0.00509,0.01344,0.00050,0.00101,-0.01189,11740766.00,0.00051,1
2020,198.55,0.00051,-0.00509,0.01344,0.00050,0.00101,12488159.00,0.00663,1
2020,198.45,0.00663,0.00051,-0.00509,0.01344,0.00050,15474353.00,0.00231,1
2020,195.80,0.00231,0.00663,0.00051,-0.00509,0.01344,16910449.00,0.00360,1
2020,196.80,0.00360,0.00231,0.00663,0.00051,-0.00509,17233813.00,-0.00667,0
2020,196.70,-0.00667,0.00360,0.00231,0.00663,0.00051,14737317.00,0.02302,1
2020,195.40,0.02302,-0.00667,0.00360,0.00231,0.00663,15199264.00,0.00472,1
2020,194.95,0.00472,0.02302,-0.00667,0.00360,0.00231,22631175.00,-0.00603,0
2020,194.25,-0.00603,0.00472,0.02302,-0.00667,0.00360,47212216.00,-0.00131,0
2020,195.55,-0.00131,-0.00603,0.00472,0.02302,-0.00667,34645487.00,0.02591,1
2020,191.10,0.02591,-0.00131,-0.00603,0.00472,0.02302,96994911.00,-0.01277,0
2020,190.20,-0.01277,0.02591,-0.00131,-0.00603,0.00472,39779151.00,0.00504,1
2020,191.35,0.00504,-0.01277,0.02591,-0.00131,-0.00603,20585374.00,0.02339,1
2020,191.60,0.02339,0.00504,-0.01277,0.02591,-0.00131,15691462.00,-0.00597,0
2020,186.70,-0.00597,0.02339,0.00504,-0.01277,0.02591,41389019.00,0.00515,1
2020,189.10,0.00515,-0.00597,0.02339,0.00504,-0.01277,32660563.00,0.00327,1
2020,188.15,0.00327,0.00515,-0.00597,0.02339,0.00504,25589032.00,0.00849,1
2020,183.80,0.00849,0.00327,0.00515,-0.00597,0.02339,27829564.00,0.00635,1
2020,184.90,0.00635,0.00849,0.00327,0.00515,-0.00597,17784303.00,0.01141,1
2020,183.95,0.01141,0.00635,0.00849,0.00327,0.00515,19255948.00,-0.00280,0
2020,183.35,-0.00280,0.01141,0.00635,0.00849,0.00327,30992032.00,0.01888,1
2020,181.80,0.01888,-0.00280,0.01141,0.00635,0.00849,30771790.00,0.00886,1
2020,180.65,0.00886,0.01888,-0.00280,0.01141,0.00635,50641398.00,0.00981,1
2020,178.60,0.00981,0.00886,0.01888,-0.00280,0.01141,33933262.00,0.03510,1
2020,179.10,0.03510,0.00981,0.00886,0.01888,-0.00280,29782789.00,-0.02490,0
2020,175.75,-0.02490,0.03510,0.00981,0.00886,0.01888,23891325.00,-0.01482,0
2020,174.20,-0.01482,-0.02490,0.03510,0.00981,0.00886,18529108.00,0.02276,1
2020,172.50,0.02276,-0.01482,-0.02490,0.03510,0.00981,61785000.00,-0.01349,0
2020,166.55,-0.01349,0.02276,-0.01482,-0.02490,0.03510,31486355.00,0.00496,1
2020,170.75,0.00496,-0.01349,0.02276,-0.01482,-0.02490,26625318.00,0.00941,1
2020,173.30,0.00941,0.00496,-0.01349,0.02276,-0.01482,23194638.00,-0.00383,0
2020,169.40,-0.00383,0.00941,0.00496,-0.01349,0.02276,25615786.00,0.00236,1
2020,171.70,0.00236,-0.00383,0.00941,0.00496,-0.01349,18481590.00,0.01396,1
2020,170.85,0.01396,0.00236,-0.00383,0.00941,0.00496,19756417.00,-0.00418,0
2020,169.25,-0.00418,0.01396,0.00236,-0.00383,0.00941,24298942.00,-0.02559,0
2020,169.90,-0.02559,-0.00418,0.01396,0.00236,-0.00383,21885190.00,0.01198,1
2020,169.50,0.01198,-0.02559,-0.00418,0.01396,0.00236,16286540.00,0.01391,1
2020,167.15,0.01391,0.01198,-0.02559,-0.00418,0.01396,25502126.00,0.01652,1
2020,167.85,0.01652,0.01391,0.01198,-0.02559,-0.00418,22373277.00,-0.00393,0
2020,172.20,-0.00393,0.01652,0.01391,0.01198,-0.02559,66250422.00,-0.01527,0
2020,170.15,-0.01527,-0.00393,0.01652,0.01391,0.01198,35684395.00,0.00477,1
2020,167.80,0.00477,-0.01527,-0.00393,0.01652,0.01391,38216229.00,-0.00119,0
2020,165.05,-0.00119,0.00477,-0.01527,-0.00393,0.01652,27116799.00,-0.00535,0
2020,165.70,-0.00535,-0.00119,0.00477,-0.01527,-0.00393,20227056.00,-0.01297,0
2020,168.25,-0.01297,-0.00535,-0.00119,0.00477,-0.01527,19016521.00,0.01297,1
2020,167.45,0.01297,-0.01297,-0.00535,-0.00119,0.00477,16148741.00,0.00804,1
2020,167.65,0.00804,0.01297,-0.01297,-0.00535,-0.00119,16478833.00,0.01022,1
2020,168.55,0.01022,0.00804,0.01297,-0.01297,-0.00535,22044107.00,0.01002,1
2020,170.75,0.01002,0.01022,0.00804,0.01297,-0.01297,20145584.00,-0.00851,0
2020,168.55,-0.00851,0.01002,0.01022,0.00804,0.01297,16080575.00,-0.00904,0
2020,167.20,-0.00904,-0.00851,0.01002,0.01022,0.00804,45885092.00,-0.01989,0
2020,165.50,-0.01989,-0.00904,-0.00851,0.01002,0.01022,16820774.00,0.00177,1
2020,163.85,0.00177,-0.01989,-0.00904,-0.00851,0.01002,21007139.00,-0.02874,0
2020,165.25,-0.02874,0.00177,-0.01989,-0.00904,-0.00851,16347325.00,0.00459,1
2020,166.75,0.00459,-0.02874,0.00177,-0.01989,-0.00904,14370649.00,0.00663,1
2020,170.10,0.00663,0.00459,-0.02874,0.00177,-0.01989,22602903.00,-0.03161,0
2020,169.80,-0.03161,0.00663,0.00459,-0.02874,0.00177,18808819.00,-0.03823,0
2020,174.75,-0.03823,-0.03161,0.00663,0.00459,-0.02874,26997641.00,-0.01447,0
2020,173.95,-0.01447,-0.03823,-0.03161,0.00663,0.00459,34252005.00,0.00480,1
2020,172.80,0.00480,-0.01447,-0.03823,-0.03161,0.00663,35286484.00,-0.00799,0
2020,178.35,-0.00799,0.00480,-0.01447,-0.03823,-0.03161,57459436.00,0.00665,1
2020,185.30,0.00665,-0.00799,0.00480,-0.01447,-0.03823,63318644.00,0.01777,1
2020,188.00,0.01777,0.00665,-0.00799,0.00480,-0.01447,46367792.00,-0.02070,0
2020,187.10,-0.02070,0.01777,0.00665,-0.00799,0.00480,28198725.00,-0.02002,0
2020,188.60,-0.02002,-0.02070,0.01777,0.00665,-0.00799,7767144.00,0.00444,1
2020,187.35,0.00444,-0.02002,-0.02070,0.01777,0.00665,20950589.00,-0.02433,0
2020,184.05,-0.02433,0.00444,-0.02002,-0.02070,0.01777,26595992.00,0.00873,1
2020,187.90,0.00873,-0.02433,0.00444,-0.02002,-0.02070,48984610.00,-0.00489,0
2020,191.70,-0.00489,0.00873,-0.02433,0.00444,-0.02002,45307312.00,0.00592,1
2020,190.85,0.00592,-0.00489,0.00873,-0.02433,0.00444,23180456.00,-0.00387,0
2020,195.55,-0.00387,0.00592,-0.00489,0.00873,-0.02433,45411815.00,-0.00794,0
2020,193.85,-0.00794,-0.00387,0.00592,-0.00489,0.00873,41659179.00,-0.00128,0
2020,194.80,-0.00128,-0.00794,-0.00387,0.00592,-0.00489,24222956.00,-0.01014,0
2020,193.65,-0.01014,-0.00128,-0.00794,-0.00387,0.00592,31385396.00,-0.02467,0
2020,194.40,-0.02467,-0.01014,-0.00128,-0.00794,-0.00387,15893346.00,0.00345,1
2020,195.95,0.00345,-0.02467,-0.01014,-0.00128,-0.00794,28425948.00,-0.01447,0
2020,196.20,-0.01447,0.00345,-0.02467,-0.01014,-0.00128,28009042.00,-0.03492,0
2020,198.20,-0.03492,-0.01447,0.00345,-0.02467,-0.01014,22152332.00,-0.01678,0
2020,203.15,-0.01678,-0.03492,-0.01447,0.00345,-0.02467,35693450.00,0.00185,1
2020,202.45,0.00185,-0.01678,-0.03492,-0.01447,0.00345,30853963.00,0.01094,1
2020,205.40,0.01094,0.00185,-0.01678,-0.03492,-0.01447,39684395.00,-0.00211,0
2020,212.70,-0.00211,0.01094,0.00185,-0.01678,-0.03492,65227495.00,0.00445,1
2020,216.30,0.00445,-0.00211,0.01094,0.00185,-0.01678,60322445.00,-0.00678,0
2020,215.90,-0.00678,0.00445,-0.00211,0.01094,0.00185,26990063.00,0.05535,1
2020,213.55,0.05535,-0.00678,0.00445,-0.00211,0.01094,23255609.00,-0.00221,0
2020,214.00,-0.00221,0.05535,-0.00678,0.00445,-0.00211,19551630.00,-0.02116,0
2020,213.05,-0.02116,-0.00221,0.05535,-0.00678,0.00445,22386185.00,-0.00408,0
2020,214.50,-0.00408,-0.02116,-0.00221,0.05535,-0.00678,23775053.00,-0.00431,0
2020,202.95,-0.00431,-0.00408,-0.02116,-0.00221,0.05535,41834797.00,-0.00974,0
2020,203.40,-0.00974,-0.00431,-0.00408,-0.02116,-0.00221,40986353.00,0.00189,1
2020,207.75,0.00189,-0.00974,-0.00431,-0.00408,-0.02116,23695667.00,0.01023,1
2020,208.60,0.01023,0.00189,-0.00974,-0.00431,-0.00408,22768284.00,-0.02294,0
2020,209.50,-0.02294,0.01023,0.00189,-0.00974,-0.00431,15741000.00,0.00211,1
2020,211.55,0.00211,-0.02294,0.01023,0.00189,-0.00974,26546469.00,0.00918,1
2020,211.15,0.00918,0.00211,-0.02294,0.01023,0.00189,18925262.00,0.02903,1
2020,209.00,0.02903,0.00918,0.00211,-0.02294,0.01023,18245270.00,0.01274,1
2021,213.85,0.01274,0.02903,0.00918,0.00211,-0.02294,19527333.00,0.00643,1
2021,213.40,0.00643,0.01274,0.02903,0.00918,0.00211,26891799.00,-0.00495,0
2021,211.45,-0.00495,0.00643,0.01274,0.02903,0.00918,18024083.00,-0.01932,0
2021,205.40,-0.01932,-0.00495,0.00643,0.01274,0.02903,49067837.00,-0.02298,0
2021,202.80,-0.02298,-0.01932,-0.00495,0.00643,0.01274,34952401.00,-0.01363,0
2021,201.50,-0.01363,-0.02298,-0.01932,-0.00495,0.00643,56427360.00,-0.01713,0
2021,202.50,-0.01713,-0.01363,-0.02298,-0.01932,-0.00495,42970983.00,-0.00868,0
2021,206.45,-0.00868,-0.01713,-0.01363,-0.02298,-0.01932,35617404.00,0.00410,1
2021,211.25,0.00410,-0.00868,-0.01713,-0.01363,-0.02298,63925996.00,0.00550,1
2021,214.15,0.00550,0.00410,-0.00868,-0.01713,-0.01363,48304263.00,0.01832,1
2021,217.85,0.01832,0.00550,0.00410,-0.00868,-0.01713,58321158.00,0.01414,1
2021,219.75,0.01414,0.01832,0.00550,0.00410,-0.00868,67607822.00,0.01386,1
2021,218.85,0.01386,0.01414,0.01832,0.00550,0.00410,31785089.00,-0.01362,0
2021,217.65,-0.01362,0.01386,0.01414,0.01832,0.00550,44672447.00,0.01941,1
2021,213.70,0.01941,-0.01362,0.01386,0.01414,0.01832,28999164.00,0.01635,1
2021,210.70,0.01635,0.01941,-0.01362,0.01386,0.01414,24712182.00,-0.06061,0
2021,207.80,-0.06061,0.01635,0.01941,-0.01362,0.01386,24967899.00,-0.01037,0
2021,210.65,-0.01037,-0.06061,0.01635,0.01941,-0.01362,48471357.00,0.00667,1
2021,206.60,0.00667,-0.01037,-0.06061,0.01635,0.01941,22131983.00,-0.05912,0
2021,203.25,-0.05912,0.00667,-0.01037,-0.06061,0.01635,23764654.00,-0.01895,0
2021,215.95,-0.01895,-0.05912,0.00667,-0.01037,-0.06061,57744414.00,0.00535,1
2021,218.20,0.00535,-0.01895,-0.05912,0.00667,-0.01037,48457781.00,0.01775,1
2021,216.75,0.01775,0.00535,-0.01895,-0.05912,0.00667,53643263.00,0.00635,1
2021,229.95,0.00635,0.01775,0.00535,-0.01895,-0.05912,105818897.00,0.00485,1
2021,234.35,0.00485,0.00635,0.01775,0.00535,-0.01895,125490301.00,0.04056,1
2021,233.10,0.04056,0.00485,0.00635,0.01775,0.00535,41495834.00,-0.00527,0
2021,229.00,-0.00527,0.04056,0.00485,0.00635,0.01775,70655961.00,0.00160,1
2021,227.55,0.00160,-0.00527,0.04056,0.00485,0.00635,47283127.00,0.00229,1
2021,226.45,0.00229,0.00160,-0.00527,0.04056,0.00485,43631374.00,-0.00504,0
2021,217.45,-0.00504,0.00229,0.00160,-0.00527,0.04056,110568108.00,0.01334,1
2021,218.60,0.01334,-0.00504,0.00229,0.00160,-0.00527,31776555.00,0.04209,1
2021,218.25,0.04209,0.01334,-0.00504,0.00229,0.00160,29148891.00,-0.00698,0
2021,217.75,-0.00698,0.04209,0.01334,-0.00504,0.00229,19850516.00,-0.00168,0
2021,218.85,-0.00168,-0.00698,0.04209,0.01334,-0.00504,24070563.00,-0.00144,0
2021,215.95,-0.00144,-0.00168,-0.00698,0.04209,0.01334,28125203.00,0.02567,1
2021,207.05,0.02567,-0.00144,-0.00168,-0.00698,0.04209,51546288.00,-0.01485,0
2021,208.50,-0.01485,0.02567,-0.00144,-0.00168,-0.00698,26675953.00,-0.01440,0
2021,208.85,-0.01440,-0.01485,0.02567,-0.00144,-0.00168,13160617.00,-0.00024,0
2021,209.15,-0.00024,-0.01440,-0.01485,0.02567,-0.00144,25954142.00,0.00119,1
2021,203.85,0.00119,-0.00024,-0.01440,-0.01485,0.02567,43429293.00,0.00550,1
2021,206.90,0.00550,0.00119,-0.00024,-0.01440,-0.01485,16225536.00,0.00264,1
2021,209.90,0.00264,0.00550,0.00119,-0.00024,-0.01440,25604169.00,0.00096,1
2021,209.95,0.00096,0.00264,0.00550,0.00119,-0.00024,20846117.00,0.00628,1
2021,209.70,0.00628,0.00096,0.00264,0.00550,0.00119,24899212.00,0.00632,1
2021,208.55,0.00632,0.00628,0.00096,0.00264,0.00550,17323590.00,-0.00122,0
2021,208.00,-0.00122,0.00632,0.00628,0.00096,0.00264,22988740.00,-0.01161,0
2021,207.80,-0.01161,-0.00122,0.00632,0.00628,0.00096,22593086.00,-0.01314,0
2021,206.50,-0.01314,-0.01161,-0.00122,0.00632,0.00628,19603214.00,-0.03293,0
2021,205.20,-0.03293,-0.01314,-0.01161,-0.00122,0.00632,30787960.00,-0.02406,0
2021,205.45,-0.02406,-0.03293,-0.01314,-0.01161,-0.00122,41115805.00,-0.01359,0
2021,207.85,-0.01359,-0.02406,-0.03293,-0.01314,-0.01161,48763187.00,0.01696,1
2021,210.60,0.01696,-0.01359,-0.02406,-0.03293,-0.01314,78578698.00,0.02853,1
2021,217.65,0.02853,0.01696,-0.01359,-0.02406,-0.03293,91993104.00,0.02035,1
2021,222.95,0.02035,0.02853,0.01696,-0.01359,-0.02406,134184994.00,0.00331,1
2021,226.00,0.00331,0.02035,0.02853,0.01696,-0.01359,46050245.00,-0.01716,0
2021,222.20,-0.01716,0.00331,0.02035,0.02853,0.01696,41564683.00,-0.01824,0
2021,215.95,-0.01824,-0.01716,0.00331,0.02035,0.02853,27609243.00,-0.00707,0
2021,211.60,-0.00707,-0.01824,-0.01716,0.00331,0.02035,40681282.00,0.03468,1
2021,210.90,0.03468,-0.00707,-0.01824,-0.01716,0.00331,26079435.00,-0.00047,0
2021,214.55,-0.00047,0.03468,-0.00707,-0.01824,-0.01716,27792033.00,-0.00539,0
2021,218.50,-0.00539,-0.00047,0.03468,-0.00707,-0.01824,36485322.00,0.00258,1
2021,220.05,0.00258,-0.00539,-0.00047,0.03468,-0.00707,29062762.00,0.00070,1
2021,212.55,0.00070,0.00258,-0.00539,-0.00047,0.03468,31378045.00,0.03729,1
2021,212.65,0.03729,0.00070,0.00258,-0.00539,-0.00047,25674227.00,-0.01643,0
2021,213.80,-0.01643,0.03729,0.00070,0.00258,-0.00539,15204883.00,0.00963,1
2021,213.25,0.00963,-0.01643,0.03729,0.00070,0.00258,14116874.00,-0.00603,0
2021,213.10,-0.00603,0.00963,-0.01643,0.03729,0.00070,16364247.00,0.01137,1
2021,205.30,0.01137,-0.00603,0.00963,-0.01643,0.03729,34511670.00,0.01002,1
2021,208.70,0.01002,0.01137,-0.00603,0.00963,-0.01643,20247639.00,-0.01148,0
2021,206.70,-0.01148,0.01002,0.01137,-0.00603,0.00963,17530742.00,0.00267,1
2021,207.95,0.00267,-0.01148,0.01002,0.01137,-0.00603,13311926.00,0.00024,1
2021,205.60,0.00024,0.00267,-0.01148,0.01002,0.01137,15792299.00,-0.00049,0
2021,203.55,-0.00049,0.00024,0.00267,-0.01148,0.01002,21364882.00,-0.00049,0
2021,205.90,-0.00049,-0.00049,0.00024,0.00267,-0.01148,23139735.00,0.00586,1
2021,205.35,0.00586,-0.00049,-0.00049,0.00024,0.00267,19625381.00,0.00836,1
2021,205.30,0.00836,0.00586,-0.00049,-0.00049,0.00024,19886214.00,0.00818,1
2021,205.40,0.00818,0.00836,0.00586,-0.00049,-0.00049,11444814.00,0.00674,1
2021,205.50,0.00674,0.00818,0.00836,0.00586,-0.00049,12708021.00,-0.00898,0
2021,204.30,-0.00898,0.00674,0.00818,0.00836,0.00586,13096755.00,-0.00668,0
2021,202.60,-0.00668,-0.00898,0.00674,0.00818,0.00836,16495657.00,-0.01274,0
2021,200.95,-0.01274,-0.00668,-0.00898,0.00674,0.00818,20611626.00,-0.00097,0
2021,199.60,-0.00097,-0.01274,-0.00668,-0.00898,0.00674,18259282.00,0.00757,1
2021,201.40,0.00757,-0.00097,-0.01274,-0.00668,-0.00898,13862655.00,0.00368,1
2021,202.75,0.00368,0.00757,-0.00097,-0.01274,-0.00668,14320889.00,-0.04333,0
2021,205.35,-0.04333,0.00368,0.00757,-0.00097,-0.01274,19463495.00,-0.00165,0
2021,205.55,-0.00165,-0.04333,0.00368,0.00757,-0.00097,16295368.00,0.01207,1
2021,204.00,0.01207,-0.00165,-0.04333,0.00368,0.00757,13747541.00,0.01101,1
2021,203.25,0.01101,0.01207,-0.00165,-0.04333,0.00368,16537612.00,0.00362,1
2021,212.25,0.00362,0.01101,0.01207,-0.00165,-0.04333,61647120.00,-0.00985,0
2021,212.60,-0.00985,0.00362,0.01101,0.01207,-0.00165,38001828.00,-0.01165,0
2021,210.05,-0.01165,-0.00985,0.00362,0.01101,0.01207,30479551.00,0.00284,1
2021,207.75,0.00284,-0.01165,-0.00985,0.00362,0.01101,24405319.00,0.00142,1
2021,207.00,0.00142,0.00284,-0.01165,-0.00985,0.00362,20884367.00,-0.00261,0
2021,209.05,-0.00261,0.00142,0.00284,-0.01165,-0.00985,22638020.00,-0.00825,0
2021,211.50,-0.00825,-0.00261,0.00142,0.00284,-0.01165,28865798.00,-0.01723,0
2021,210.90,-0.01723,-0.00825,-0.00261,0.00142,0.00284,25334878.00,0.00625,1
2021,210.60,0.00625,-0.01723,-0.00825,-0.00261,0.00142,17576137.00,0.02947,1
2021,211.15,0.02947,0.00625,-0.01723,-0.00825,-0.00261,47554219.00,-0.00024,0
2021,212.90,-0.00024,0.02947,0.00625,-0.01723,-0.00825,25597550.00,0.00144,1
2021,216.60,0.00144,-0.00024,0.02947,0.00625,-0.01723,73039531.00,-0.01285,0
2021,215.25,-0.01285,0.00144,-0.00024,0.02947,0.00625,38755111.00,-0.01035,0
2021,209.00,-0.01035,-0.01285,0.00144,-0.00024,0.02947,96654991.00,0.00540,1
2021,209.05,0.00540,-0.01035,-0.01285,0.00144,-0.00024,46657520.00,0.01517,1
2021,208.75,0.01517,0.00540,-0.01035,-0.01285,0.00144,30126021.00,0.00671,1
2021,211.45,0.00671,0.01517,0.00540,-0.01035,-0.01285,31433280.00,0.00289,1
2021,213.65,0.00289,0.00671,0.01517,0.00540,-0.01035,21261361.00,0.00121,1
2021,212.50,0.00121,0.00289,0.00671,0.01517,0.00540,24887924.00,-0.00386,0
2021,209.30,-0.00386,0.00121,0.00289,0.00671,0.01517,30719587.00,0.01064,1
2021,207.90,0.01064,-0.00386,0.00121,0.00289,0.00671,21424291.00,0.00536,1
2021,207.30,0.00536,0.01064,-0.00386,0.00121,0.00289,17677889.00,0.00049,1
2021,207.05,0.00049,0.00536,0.01064,-0.00386,0.00121,14854294.00,-0.00317,0
2021,207.85,-0.00317,0.00049,0.00536,0.01064,-0.00386,20104244.00,0.00562,1
2021,205.65,0.00562,-0.00317,0.00049,0.00536,0.01064,21476893.00,0.00344,1
2021,204.55,0.00344,0.00562,-0.00317,0.00049,0.00536,23567549.00,-0.00882,0
2021,204.45,-0.00882,0.00344,0.00562,-0.00317,0.00049,19074685.00,0.00710,1
2021,205.10,0.00710,-0.00882,0.00344,0.00562,-0.00317,18042675.00,0.00147,1
2021,203.95,0.00147,0.00710,-0.00882,0.00344,0.00562,12575210.00,0.00296,1
2021,203.25,0.00296,0.00147,0.00710,-0.00882,0.00344,22435272.00,-0.00148,0
2021,205.05,-0.00148,0.00296,0.00147,0.00710,-0.00882,13877208.00,0.00296,1
2021,203.60,0.00296,-0.00148,0.00296,0.00147,0.00710,14627153.00,-0.00616,0
2021,203.30,-0.00616,0.00296,-0.00148,0.00296,0.00147,13326068.00,0.00566,1
2021,202.70,0.00566,-0.00616,0.00296,-0.00148,0.00296,15942408.00,-0.00615,0
2021,203.00,-0.00615,0.00566,-0.00616,0.00296,-0.00148,10191296.00,0.00863,1
2021,202.40,0.00863,-0.00615,0.00566,-0.00616,0.00296,12698779.00,0.00322,1
2021,203.65,0.00322,0.00863,-0.00615,0.00566,-0.00616,10248249.00,0.00124,1
2021,202.50,0.00124,0.00322,0.00863,-0.00615,0.00566,11088659.00,-0.00372,0
2021,203.75,-0.00372,0.00124,0.00322,0.00863,-0.00615,17879443.00,-0.01109,0
2021,202.00,-0.01109,-0.00372,0.00124,0.00322,0.00863,20925008.00,-0.01048,0
2021,201.35,-0.01048,-0.01109,-0.00372,0.00124,0.00322,11834045.00,-0.00797,0
2021,201.10,-0.00797,-0.01048,-0.01109,-0.00372,0.00124,13085323.00,0.00072,1
2021,201.85,0.00072,-0.00797,-0.01048,-0.01109,-0.00372,10830411.00,0.00458,1
2021,204.10,0.00458,0.00072,-0.00797,-0.01048,-0.01109,20480406.00,-0.00097,0
2021,206.25,-0.00097,0.00458,0.00072,-0.00797,-0.01048,28852257.00,-0.02575,0
2021,207.90,-0.02575,-0.00097,0.00458,0.00072,-0.00797,29019824.00,0.00590,1
2021,207.75,0.00590,-0.02575,-0.00097,0.00458,0.00072,16464973.00,0.01191,1
2021,206.80,0.01191,0.00590,-0.02575,-0.00097,0.00458,23656813.00,-0.00215,0
2021,207.00,-0.00215,0.01191,0.00590,-0.02575,-0.00097,18311537.00,0.01469,1
2021,212.40,0.01469,-0.00215,0.01191,0.00590,-0.02575,44526781.00,0.00535,1
2021,211.15,0.00535,0.01469,-0.00215,0.01191,0.00590,47263771.00,-0.01140,0
2021,208.65,-0.01140,0.00535,0.01469,-0.00215,0.01191,24436949.00,-0.01246,0
2021,209.10,-0.01246,-0.01140,0.00535,0.01469,-0.00215,14736840.00,0.00621,1
2021,206.05,0.00621,-0.01246,-0.01140,0.00535,0.01469,15603733.00,-0.03138,0
2021,204.95,-0.03138,0.00621,-0.01246,-0.01140,0.00535,14940336.00,0.00466,1
2021,207.30,0.00466,-0.03138,0.00621,-0.01246,-0.01140,9674128.00,0.00210,1
2021,209.90,0.00210,0.00466,-0.03138,0.00621,-0.01246,18468527.00,0.01865,1
2021,208.60,0.01865,0.00210,0.00466,-0.03138,0.00621,10998260.00,0.00573,1
2021,215.25,0.00573,0.01865,0.00210,0.00466,-0.03138,47178466.00,-0.00120,0
2021,214.25,-0.00120,0.00573,0.01865,0.00210,0.00466,23581637.00,-0.01213,0
2021,213.80,-0.01213,-0.00120,0.00573,0.01865,0.00210,20358146.00,0.00260,1
2021,209.85,0.00260,-0.01213,-0.00120,0.00573,0.01865,18155926.00,0.00809,1
2021,208.65,0.00809,0.00260,-0.01213,-0.00120,0.00573,15418634.00,0.00120,1
2021,208.90,0.00120,0.00809,0.00260,-0.01213,-0.00120,27692208.00,0.00024,1
2021,211.45,0.00024,0.00120,0.00809,0.00260,-0.01213,18850939.00,0.01252,1
2021,210.90,0.01252,0.00024,0.00120,0.00809,0.00260,11190075.00,0.00267,1
2021,209.20,0.00267,0.01252,0.00024,0.00120,0.00809,7858486.00,-0.00315,0
2021,208.95,-0.00315,0.00267,0.01252,0.00024,0.00120,10735658.00,0.00876,1
2021,208.90,0.00876,-0.00315,0.00267,0.01252,0.00024,19421004.00,-0.00633,0
2021,206.30,-0.00633,0.00876,-0.00315,0.00267,0.01252,9936365.00,-0.01015,0
2021,205.75,-0.01015,-0.00633,0.00876,-0.00315,0.00267,12490094.00,-0.01574,0
2021,206.40,-0.01574,-0.01015,-0.00633,0.00876,-0.00315,10586894.00,0.00856,1
2021,204.60,0.00856,-0.01574,-0.01015,-0.00633,0.00876,14836173.00,-0.00119,0
2021,205.90,-0.00119,0.00856,-0.01574,-0.01015,-0.00633,10476384.00,-0.00404,0
2021,208.00,-0.00404,-0.00119,0.00856,-0.01574,-0.01015,12084844.00,0.00619,1
2021,211.30,0.00619,-0.00404,-0.00119,0.00856,-0.01574,25808430.00,-0.01164,0
2021,209.50,-0.01164,0.00619,-0.00404,-0.00119,0.00856,16241960.00,0.00236,1
2021,209.75,0.00236,-0.01164,0.00619,-0.00404,-0.00119,14321164.00,-0.00661,0
2021,210.60,-0.00661,0.00236,-0.01164,0.00619,-0.00404,10228853.00,-0.00703,0
2021,209.30,-0.00703,-0.00661,0.00236,-0.01164,0.00619,10632156.00,-0.00906,0
2021,211.75,-0.00906,-0.00703,-0.00661,0.00236,-0.01164,37489544.00,0.00046,1
2021,211.25,0.00046,-0.00906,-0.00703,-0.00661,0.00236,17233315.00,-0.06606,0
2021,212.65,-0.06606,0.00046,-0.00906,-0.00703,-0.00661,19051252.00,-0.00173,0
2021,214.15,-0.00173,-0.06606,0.00046,-0.00906,-0.00703,16043896.00,-0.01119,0
2021,216.10,-0.01119,-0.00173,-0.06606,0.00046,-0.00906,19621849.00,-0.03262,0
2021,216.00,-0.03262,-0.01119,-0.00173,-0.06606,0.00046,20248758.00,-0.00825,0
2021,230.75,-0.00825,-0.03262,-0.01119,-0.00173,-0.06606,149238901.00,0.00412,1
2021,231.15,0.00412,-0.00825,-0.03262,-0.01119,-0.00173,79501805.00,0.01684,1
2021,233.75,0.01684,0.00412,-0.00825,-0.03262,-0.01119,70390969.00,-0.00105,0
2021,241.50,-0.00105,0.01684,0.00412,-0.00825,-0.03262,56671832.00,0.00399,1
2021,243.50,0.00399,-0.00105,0.01684,0.00412,-0.00825,52621868.00,-0.00147,0
2021,242.50,-0.00147,0.00399,-0.00105,0.01684,0.00412,21791090.00,0.00822,1
2021,238.45,0.00822,-0.00147,0.00399,-0.00105,0.01684,24823291.00,0.00339,1
2021,238.70,0.00339,0.00822,-0.00147,0.00399,-0.00105,22890540.00,-0.00530,0
2021,237.75,-0.00530,0.00339,0.00822,-0.00147,0.00399,15713947.00,0.00806,1
2021,238.10,0.00806,-0.00530,0.00339,0.00822,-0.00147,15450046.00,0.01481,1
2021,236.15,0.01481,0.00806,-0.00530,0.00339,0.00822,16357902.00,-0.00732,0
2021,235.35,-0.00732,0.01481,0.00806,-0.00530,0.00339,15956143.00,0.00538,1
2021,236.60,0.00538,-0.00732,0.01481,0.00806,-0.00530,10686552.00,-0.02704,0
2021,234.70,-0.02704,0.00538,-0.00732,0.01481,0.00806,9223597.00,-0.01356,0
2021,231.25,-0.01356,-0.02704,0.00538,-0.00732,0.01481,17505160.00,-0.03221,0
2021,232.95,-0.03221,-0.01356,-0.02704,0.00538,-0.00732,10371535.00,-0.02907,0
2021,231.70,-0.02907,-0.03221,-0.01356,-0.02704,0.00538,9739240.00,-0.02312,0
2021,238.05,-0.02312,-0.02907,-0.03221,-0.01356,-0.02704,21184428.00,0.06531,1
2021,241.30,0.06531,-0.02312,-0.02907,-0.03221,-0.01356,29222028.00,-0.00264,0
2021,249.20,-0.00264,0.06531,-0.02312,-0.02907,-0.03221,50159625.00,0.00773,1
2021,256.55,0.00773,-0.00264,0.06531,-0.02312,-0.02907,85406902.00,0.03366,1
2021,262.55,0.03366,0.00773,-0.00264,0.06531,-0.02312,60292901.00,0.01362,1
2021,245.95,0.01362,0.03366,0.00773,-0.00264,0.06531,59061766.00,-0.01404,0
2021,246.60,-0.01404,0.01362,0.03366,0.00773,-0.00264,47822165.00,-0.00737,0
2021,244.70,-0.00737,-0.01404,0.01362,0.03366,0.00773,22518727.00,0.05761,1
2021,236.60,0.05761,-0.00737,-0.01404,0.01362,0.03366,35537151.00,0.00848,1
2021,233.40,0.00848,0.05761,-0.00737,-0.01404,0.01362,22333919.00,-0.01622,0
2021,236.70,-0.01622,0.00848,0.05761,-0.00737,-0.01404,18934170.00,0.00553,1
2021,238.45,0.00553,-0.01622,0.00848,0.05761,-0.00737,25911499.00,0.01406,1
2021,225.10,0.01406,0.00553,-0.01622,0.00848,0.05761,46282465.00,-0.01826,0
2021,223.20,-0.01826,0.01406,0.00553,-0.01622,0.00848,26642108.00,-0.01424,0
2021,226.85,-0.01424,-0.01826,0.01406,0.00553,-0.01622,23197539.00,0.00458,1
2021,225.60,0.00458,-0.01424,-0.01826,0.01406,0.00553,14343859.00,-0.00914,0
2021,222.45,-0.00914,0.00458,-0.01424,-0.01826,0.01406,17843327.00,0.00369,1
2021,226.55,0.00369,-0.00914,0.00458,-0.01424,-0.01826,7024796.00,-0.01253,0
2021,229.80,-0.01253,0.00369,-0.00914,0.00458,-0.01424,20270558.00,-0.02208,0
2021,228.75,-0.02208,-0.01253,0.00369,-0.00914,0.00458,11520817.00,0.01119,1
2021,230.85,0.01119,-0.02208,-0.01253,0.00369,-0.00914,13431108.00,-0.01705,0
2021,230.00,-0.01705,0.01119,-0.02208,-0.01253,0.00369,8134962.00,0.00839,1
2021,232.90,0.00839,-0.01705,0.01119,-0.02208,-0.01253,11855531.00,0.02818,1
2021,238.10,0.02818,0.00839,-0.01705,0.01119,-0.02208,38755267.00,-0.00303,0
2021,235.45,-0.00303,0.02818,0.00839,-0.01705,0.01119,14675969.00,0.01698,1
2021,239.50,0.01698,-0.00303,0.02818,0.00839,-0.01705,46697822.00,-0.01569,0
2021,237.50,-0.01569,0.01698,-0.00303,0.02818,0.00839,20226071.00,0.03207,1
2021,230.90,0.03207,-0.01569,0.01698,-0.00303,0.02818,22574227.00,0.01122,1
2021,231.60,0.01122,0.03207,-0.01569,0.01698,-0.00303,13433385.00,0.00158,1
2021,227.70,0.00158,0.01122,0.03207,-0.01569,0.01698,14139854.00,-0.00339,0
2021,231.30,-0.00339,0.00158,0.01122,0.03207,-0.01569,23904846.00,-0.01587,0
2021,224.00,-0.01587,-0.00339,0.00158,0.01122,0.03207,27027022.00,0.01700,1
2021,221.50,0.01700,-0.01587,-0.00339,0.00158,0.01122,22132952.00,0.01706,1
2021,221.15,0.01706,0.01700,-0.01587,-0.00339,0.00158,23503453.00,-0.01254,0
2021,221.90,-0.01254,0.01706,0.01700,-0.01587,-0.00339,12995800.00,-0.01930,0
2021,225.45,-0.01930,-0.01254,0.01706,0.01700,-0.01587,15904846.00,-0.04541,0
2021,221.65,-0.04541,-0.01930,-0.01254,0.01706,0.01700,13794647.00,-0.00297,0
2021,217.90,-0.00297,-0.04541,-0.01930,-0.01254,0.01706,13138355.00,0.00637,1
2021,220.65,0.00637,-0.00297,-0.04541,-0.01930,-0.01254,8903842.00,0.02591,1
2021,224.95,0.02591,0.00637,-0.00297,-0.04541,-0.01930,9861847.00,0.02010,1
2021,235.40,0.02010,0.02591,0.00637,-0.00297,-0.04541,38241864.00,0.00515,1
2021,236.10,0.00515,0.02010,0.02591,0.00637,-0.00297,35162889.00,0.02246,1
2021,234.60,0.02246,0.00515,0.02010,0.02591,0.00637,22054342.00,0.02579,1
2021,228.60,0.02579,0.02246,0.00515,0.02010,0.02591,37508445.00,-0.00047,0
2021,224.05,-0.00047,0.02579,0.02246,0.00515,0.02010,34653042.00,0.00236,1
2021,222.90,0.00236,-0.00047,0.02579,0.02246,0.00515,24199205.00,-0.02469,0
2021,217.95,-0.02469,0.00236,-0.00047,0.02579,0.02246,29683982.00,-0.00322,0
2021,212.40,-0.00322,-0.02469,0.00236,-0.00047,0.02579,37340790.00,0.00207,1
2021,212.50,0.00207,-0.00322,-0.02469,0.00236,-0.00047,19395604.00,-0.01143,0
2021,212.00,-0.01143,0.00207,-0.00322,-0.02469,0.00236,17239484.00,0.01511,1
2021,217.30,0.01511,-0.01143,0.00207,-0.00322,-0.02469,22209720.00,0.00347,1
2021,218.00,0.00347,0.01511,-0.01143,0.00207,-0.00322,16581585.00,-0.00945,0
2021,217.55,-0.00945,0.00347,0.01511,-0.01143,0.00207,8153106.00,-0.00480,0
2021,220.05,-0.00480,-0.00945,0.00347,0.01511,-0.01143,11568803.00,-0.00523,0
2021,216.75,-0.00523,-0.00480,-0.00945,0.00347,0.01511,11480954.00,-0.00136,0
2021,216.00,-0.00136,-0.00523,-0.00480,-0.00945,0.00347,9741198.00,0.00842,1
2021,218.05,0.00842,-0.00136,-0.00523,-0.00480,-0.00945,7583815.00,0.00137,1
2022,219.10,0.00137,0.00842,-0.00136,-0.00523,-0.00480,7765495.00,-0.02219,0
2022,220.25,-0.02219,0.00137,0.00842,-0.00136,-0.00523,9050253.00,0.00606,1
2022,220.55,0.00606,-0.02219,0.00137,0.00842,-0.00136,11230588.00,-0.00360,0
2022,218.70,-0.00360,0.00606,-0.02219,0.00137,0.00842,8950589.00,-0.00537,0
2022,218.40,-0.00537,-0.00360,0.00606,-0.02219,0.00137,8855041.00,0.00605,1
2022,223.30,0.00605,-0.00537,-0.00360,0.00606,-0.02219,15841299.00,-0.00894,0
2022,221.95,-0.00894,0.00605,-0.00537,-0.00360,0.00606,8020695.00,0.01729,1
2022,222.75,0.01729,-0.00894,0.00605,-0.00537,-0.00360,13158894.00,0.00181,1
2022,223.95,0.00181,0.01729,-0.00894,0.00605,-0.00537,11501088.00,0.00729,1
2022,222.60,0.00729,0.00181,0.01729,-0.00894,0.00605,10569725.00,0.00780,1
2022,224.60,0.00780,0.00729,0.00181,0.01729,-0.00894,12318313.00,0.02449,1
2022,220.75,0.02449,0.00780,0.00729,0.00181,0.01729,14394097.00,-0.01173,0
2022,220.35,-0.01173,0.02449,0.00780,0.00729,0.00181,11473796.00,-0.00140,0
2022,218.75,-0.00140,-0.01173,0.02449,0.00780,0.00729,17329896.00,-0.01388,0
2022,217.05,-0.01388,-0.00140,-0.01173,0.02449,0.00780,16586264.00,-0.01188,0
2022,211.80,-0.01188,-0.01388,-0.00140,-0.01173,0.02449,17354942.00,-0.03371,0
2022,214.30,-0.03371,-0.01188,-0.01388,-0.00140,-0.01173,18322935.00,-0.01914,0
2022,214.60,-0.01914,-0.03371,-0.01188,-0.01388,-0.00140,23149684.00,-0.00986,0
2022,217.60,-0.00986,-0.01914,-0.03371,-0.01188,-0.01388,15276991.00,0.00064,1
2022,220.20,0.00064,-0.00986,-0.01914,-0.03371,-0.01188,15039006.00,0.01765,1
2022,227.75,0.01765,0.00064,-0.00986,-0.01914,-0.03371,43207074.00,-0.00455,0
2022,232.15,-0.00455,0.01765,0.00064,-0.00986,-0.01914,41130638.00,0.00477,1
2022,234.45,0.00477,-0.00455,0.01765,0.00064,-0.00986,27845963.00,-0.00908,0
2022,234.30,-0.00908,0.00477,-0.00455,0.01765,0.00064,56705951.00,-0.00086,0
2022,230.20,-0.00086,-0.00908,0.00477,-0.00455,0.01765,24171083.00,0.05755,1
2022,231.25,0.05755,-0.00086,-0.00908,0.00477,-0.00455,16201280.00,-0.01605,0
2022,230.15,-0.01605,0.05755,-0.00086,-0.00908,0.00477,11893807.00,0.00112,1
2022,232.25,0.00112,-0.01605,0.05755,-0.00086,-0.00908,19563580.00,0.00045,1
2022,232.45,0.00045,0.00112,-0.01605,0.05755,-0.00086,18096561.00,0.00337,1
2022,219.45,0.00337,0.00045,0.00112,-0.01605,0.05755,22745228.00,0.01773,1
2022,223.00,0.01773,0.00337,0.00045,0.00112,-0.01605,12875311.00,0.01455,1
2022,222.75,0.01455,0.01773,0.00337,0.00045,0.00112,11231596.00,-0.00511,0
2022,222.65,-0.00511,0.01455,0.01773,0.00337,0.00045,14024149.00,0.03511,1
2022,221.90,0.03511,-0.00511,0.01455,0.01773,0.00337,8670947.00,-0.02580,0
2022,218.00,-0.02580,0.03511,-0.00511,0.01455,0.01773,16129017.00,-0.00884,0
2022,214.85,-0.00884,-0.02580,0.03511,-0.00511,0.01455,25749340.00,0.00255,1
2022,215.95,0.00255,-0.00884,-0.02580,0.03511,-0.00511,11014283.00,-0.01886,0
2022,208.50,-0.01886,0.00255,-0.00884,-0.02580,0.03511,41341523.00,-0.02742,0
2022,213.95,-0.02742,-0.01886,0.00255,-0.00884,-0.02580,23633656.00,0.00244,1
2022,215.85,0.00244,-0.02742,-0.01886,0.00255,-0.00884,20034633.00,-0.00863,0
2022,215.30,-0.00863,0.00244,-0.02742,-0.01886,0.00255,19295994.00,-0.01030,0
2022,219.40,-0.01030,-0.00863,0.00244,-0.02742,-0.01886,28532668.00,-0.01192,0
2022,225.50,-0.01192,-0.01030,-0.00863,0.00244,-0.02742,66835736.00,-0.01858,0
2022,224.95,-0.01858,-0.01192,-0.01030,-0.00863,0.00244,45258669.00,-0.01115,0
2022,226.90,-0.01115,-0.01858,-0.01192,-0.01030,-0.00863,36036336.00,0.00482,1
2022,229.25,0.00482,-0.01115,-0.01858,-0.01192,-0.01030,42294906.00,-0.01977,0
2022,232.00,-0.01977,0.00482,-0.01115,-0.01858,-0.01192,36132245.00,-0.00944,0
2022,236.35,-0.00944,-0.01977,0.00482,-0.01115,-0.01858,41699184.00,0.00163,1
2022,239.00,0.00163,-0.00944,-0.01977,0.00482,-0.01115,35113638.00,-0.02125,0
2022,237.85,-0.02125,0.00163,-0.00944,-0.01977,0.00482,32998305.00,-0.00897,0
2022,242.60,-0.00897,-0.02125,0.00163,-0.00944,-0.01977,21629521.00,-0.01125,0
2022,244.90,-0.01125,-0.00897,-0.02125,0.00163,-0.00944,34223740.00,0.00590,1
2022,244.50,0.00590,-0.01125,-0.00897,-0.02125,0.00163,27975134.00,-0.01450,0
2022,249.75,-0.01450,0.00590,-0.01125,-0.00897,-0.02125,36945426.00,0.00958,1
2022,252.00,0.00958,-0.01450,0.00590,-0.01125,-0.00897,40491633.00,0.02144,1
2022,254.85,0.02144,0.00958,-0.01450,0.00590,-0.01125,38239419.00,-0.00580,0
2022,253.35,-0.00580,0.02144,0.00958,-0.01450,0.00590,29284643.00,-0.01052,0
2022,257.05,-0.01052,-0.00580,0.02144,0.00958,-0.01450,24916402.00,-0.00845,0
2022,254.60,-0.00845,-0.01052,-0.00580,0.02144,0.00958,18122714.00,-0.01554,0
2022,249.20,-0.01554,-0.00845,-0.01052,-0.00580,0.02144,17603827.00,-0.00058,0
2022,250.65,-0.00058,-0.01554,-0.00845,-0.01052,-0.00580,25656796.00,0.01143,1
2022,253.30,0.01143,-0.00058,-0.01554,-0.00845,-0.01052,14305709.00,-0.04253,0
2022,255.45,-0.04253,0.01143,-0.00058,-0.01554,-0.00845,15907398.00,0.00112,1
2022,259.45,0.00112,-0.04253,0.01143,-0.00058,-0.01554,27183142.00,0.01014,1
2022,259.60,0.01014,0.00112,-0.04253,0.01143,-0.00058,19597941.00,-0.01778,0
2022,256.65,-0.01778,0.01014,0.00112,-0.04253,0.01143,16061089.00,-0.00204,0
2022,267.80,-0.00204,-0.01778,0.01014,0.00112,-0.04253,37826800.00,0.03217,1
2022,267.50,0.03217,-0.00204,-0.01778,0.01014,0.00112,46147653.00,0.00768,1
2022,264.80,0.00768,0.03217,-0.00204,-0.01778,0.01014,23553762.00,-0.00327,0
2022,269.55,-0.00327,0.00768,0.03217,-0.00204,-0.01778,21414383.00,-0.00268,0
2022,270.10,-0.00268,-0.00327,0.00768,0.03217,-0.00204,24399444.00,0.02266,1
2022,261.55,0.02266,-0.00268,-0.00327,0.00768,0.03217,23380138.00,-0.01439,0
2022,259.55,-0.01439,0.02266,-0.00268,-0.00327,0.00768,24510612.00,0.00562,1
2022,260.40,0.00562,-0.01439,0.02266,-0.00268,-0.00327,23412279.00,-0.01388,0
2022,261.10,-0.01388,0.00562,-0.01439,0.02266,-0.00268,15671273.00,0.00595,1
2022,255.25,0.00595,-0.01388,0.00562,-0.01439,0.02266,24208645.00,-0.01377,0
2022,258.95,-0.01377,0.00595,-0.01388,0.00562,-0.01439,20536714.00,0.01300,1
2022,257.50,0.01300,-0.01377,0.00595,-0.01388,0.00562,16580824.00,-0.00882,0
2022,261.10,-0.00882,0.01300,-0.01377,0.00595,-0.01388,27924384.00,-0.01740,0
2022,259.55,-0.01740,-0.00882,0.01300,-0.01377,0.00595,20419904.00,0.01397,1
2022,263.15,0.01397,-0.01740,-0.00882,0.01300,-0.01377,18965820.00,0.01224,1
2022,259.75,0.01224,0.01397,-0.01740,-0.00882,0.01300,25951999.00,0.01591,1
2022,262.05,0.01591,0.01224,0.01397,-0.01740,-0.00882,17932895.00,0.01082,1
2022,266.65,0.01082,0.01591,0.01224,0.01397,-0.01740,34490123.00,-0.02229,0
2022,262.95,-0.02229,0.01082,0.01591,0.01224,0.01397,21403710.00,0.01755,1
2022,259.75,0.01755,-0.02229,0.01082,0.01591,0.01224,18033260.00,-0.04087,0
2022,255.65,-0.04087,0.01755,-0.02229,0.01082,0.01591,17344099.00,-0.00790,0
2022,252.90,-0.00790,-0.04087,0.01755,-0.02229,0.01082,20044726.00,-0.03263,0
2022,258.60,-0.03263,-0.00790,-0.04087,0.01755,-0.02229,11921627.00,-0.01566,0
2022,254.10,-0.01566,-0.03263,-0.00790,-0.04087,0.01755,8186859.00,0.01984,1
2022,264.70,0.01984,-0.01566,-0.03263,-0.00790,-0.04087,17797974.00,0.01339,1
2022,266.80,0.01339,0.01984,-0.01566,-0.03263,-0.00790,20200332.00,-0.00681,0
2022,275.65,-0.00681,0.01339,0.01984,-0.01566,-0.03263,78287713.00,0.02225,1
2022,280.00,0.02225,-0.00681,0.01339,0.01984,-0.01566,32370771.00,-0.00933,0
2022,274.50,-0.00933,0.02225,-0.00681,0.01339,0.01984,21700165.00,0.00056,1
2022,270.85,0.00056,-0.00933,0.02225,-0.00681,0.01339,15547968.00,-0.00593,0
2022,272.70,-0.00593,0.00056,-0.00933,0.02225,-0.00681,15288648.00,-0.00442,0
2022,266.70,-0.00442,-0.00593,0.00056,-0.00933,0.02225,18420159.00,-0.00605,0
2022,269.20,-0.00605,-0.00442,-0.00593,0.00056,-0.00933,13468067.00,0.00293,1
2022,269.05,0.00293,-0.00605,-0.00442,-0.00593,0.00056,11819102.00,-0.00767,0
2022,270.65,-0.00767,0.00293,-0.00605,-0.00442,-0.00593,23208345.00,0.00328,1
2022,271.85,0.00328,-0.00767,0.00293,-0.00605,-0.00442,14699792.00,0.02215,1
2022,273.50,0.02215,0.00328,-0.00767,0.00293,-0.00605,14240994.00,-0.01095,0
2022,272.70,-0.01095,0.02215,0.00328,-0.00767,0.00293,12487862.00,0.00259,1
2022,274.80,0.00259,-0.01095,0.02215,0.00328,-0.00767,10925182.00,0.02057,1
2022,273.90,0.02057,0.00259,-0.01095,0.02215,0.00328,10828539.00,-0.00302,0
2022,267.90,-0.00302,0.02057,0.00259,-0.01095,0.02215,14361969.00,0.00775,1
2022,270.85,0.00775,-0.00302,0.02057,0.00259,-0.01095,9860194.00,0.01030,1
2022,270.15,0.01030,0.00775,-0.00302,0.02057,0.00259,8371061.00,-0.00992,0
2022,264.65,-0.00992,0.01030,0.00775,-0.00302,0.02057,11092690.00,-0.00303,0
2022,265.45,-0.00303,-0.00992,0.01030,0.00775,-0.00302,7422193.00,-0.02172,0
2022,263.40,-0.02172,-0.00303,-0.00992,0.01030,0.00775,5059474.00,0.01719,1
2022,260.70,0.01719,-0.02172,-0.00303,-0.00992,0.01030,14293357.00,-0.00075,0
2022,263.30,-0.00075,0.01719,-0.02172,-0.00303,-0.00992,16654660.00,-0.00132,0
2022,264.10,-0.00132,-0.00075,0.01719,-0.02172,-0.00303,17081136.00,-0.01530,0
2022,269.90,-0.01530,-0.00132,-0.00075,0.01719,-0.02172,13883034.00,-0.00701,0
2022,265.30,-0.00701,-0.01530,-0.00132,-0.00075,0.01719,11320918.00,-0.00806,0
2022,265.50,-0.00806,-0.00701,-0.01530,-0.00132,-0.00075,9067252.00,0.00201,1
2022,265.85,0.00201,-0.00806,-0.00701,-0.01530,-0.00132,7013132.00,-0.03890,0
2022,269.95,-0.03890,0.00201,-0.00806,-0.00701,-0.01530,8172964.00,-0.02621,0
2022,271.85,-0.02621,-0.03890,0.00201,-0.00806,-0.00701,11240154.00,0.01728,1
2022,274.05,0.01728,-0.02621,-0.03890,0.00201,-0.00806,16018449.00,-0.00833,0
2022,273.50,-0.00833,0.01728,-0.02621,-0.03890,0.00201,19262054.00,-0.00912,0
2022,284.35,-0.00912,-0.00833,0.01728,-0.02621,-0.03890,35165665.00,-0.00376,0
2022,291.90,-0.00376,-0.00912,-0.00833,0.01728,-0.02621,39881736.00,-0.00663,0
2022,286.90,-0.00663,-0.00376,-0.00912,-0.00833,0.01728,18568655.00,0.00783,1
2022,289.30,0.00783,-0.00663,-0.00376,-0.00912,-0.00833,18292925.00,-0.00460,0
2022,291.95,-0.00460,0.00783,-0.00663,-0.00376,-0.00912,13794991.00,0.01094,1
2022,293.05,0.01094,-0.00460,0.00783,-0.00663,-0.00376,11110418.00,-0.00924,0
2022,295.00,-0.00924,0.01094,-0.00460,0.00783,-0.00663,12352667.00,-0.00594,0
2022,292.70,-0.00594,-0.00924,0.01094,-0.00460,0.00783,14074628.00,0.00237,1
2022,294.05,0.00237,-0.00594,-0.00924,0.01094,-0.00460,9277570.00,-0.01215,0
2022,290.85,-0.01215,0.00237,-0.00594,-0.00924,0.01094,13414357.00,-0.00452,0
2022,293.55,-0.00452,-0.01215,0.00237,-0.00594,-0.00924,11025420.00,-0.00333,0
2022,295.30,-0.00333,-0.00452,-0.01215,0.00237,-0.00594,11315876.00,-0.00183,0
2022,294.60,-0.00183,-0.00333,-0.00452,-0.01215,0.00237,9188419.00,-0.00447,0
2022,298.20,-0.00447,-0.00183,-0.00333,-0.00452,-0.01215,15789281.00,-0.00560,0
2022,299.55,-0.00560,-0.00447,-0.00183,-0.00333,-0.00452,16042840.00,0.00230,1
2022,300.55,0.00230,-0.00560,-0.00447,-0.00183,-0.00333,9967545.00,0.00132,1
2022,301.10,0.00132,0.00230,-0.00560,-0.00447,-0.00183,10640727.00,-0.01458,0
2022,302.45,-0.01458,0.00132,0.00230,-0.00560,-0.00447,9739177.00,-0.00794,0
2022,304.15,-0.00794,-0.01458,0.00132,0.00230,-0.00560,9346146.00,0.00582,1
2022,303.45,0.00582,-0.00794,-0.01458,0.00132,0.00230,10839070.00,-0.00437,0
2022,303.05,-0.00437,0.00582,-0.00794,-0.01458,0.00132,16932743.00,-0.00435,0
2022,307.50,-0.00435,-0.00437,0.00582,-0.00794,-0.01458,15889556.00,-0.00737,0
2022,309.95,-0.00737,-0.00435,-0.00437,0.00582,-0.00794,38982557.00,0.00625,1
2022,308.15,0.00625,-0.00737,-0.00435,-0.00437,0.00582,17695228.00,0.01603,1
2022,309.50,0.01603,0.00625,-0.00737,-0.00435,-0.00437,15901918.00,-0.00748,0
2022,310.85,-0.00748,0.01603,0.00625,-0.00737,-0.00435,10088723.00,-0.00646,0
2022,313.15,-0.00646,-0.00748,0.01603,0.00625,-0.00737,8307140.00,-0.00642,0
2022,311.20,-0.00642,-0.00646,-0.00748,0.01603,0.00625,8923568.00,-0.00987,0
2022,306.25,-0.00987,-0.00642,-0.00646,-0.00748,0.01603,10885990.00,0.01163,1
2022,308.55,0.01163,-0.00987,-0.00642,-0.00646,-0.00748,6422504.00,-0.00766,0
2022,310.55,-0.00766,0.01163,-0.00987,-0.00642,-0.00646,8609864.00,-0.00476,0
2022,312.55,-0.00476,-0.00766,0.01163,-0.00987,-0.00642,7975854.00,0.00571,1
2022,315.65,0.00571,-0.00476,-0.00766,0.01163,-0.00987,9883851.00,0.00559,1
2022,312.00,0.00559,0.00571,-0.00476,-0.00766,0.01163,10422413.00,-0.00176,0
2022,314.40,-0.00176,0.00559,0.00571,-0.00476,-0.00766,11355837.00,-0.00208,0
2022,315.90,-0.00208,-0.00176,0.00559,0.00571,-0.00476,9338887.00,-0.02192,0
2022,314.10,-0.02192,-0.00208,-0.00176,0.00559,0.00571,11346892.00,0.00909,1
2022,312.35,0.00909,-0.02192,-0.00208,-0.00176,0.00559,7759104.00,-0.01732,0
2022,312.90,-0.01732,0.00909,-0.02192,-0.00208,-0.00176,6956588.00,-0.01749,0
2022,313.55,-0.01749,-0.01732,0.00909,-0.02192,-0.00208,11361400.00,0.00518,1
2022,320.50,0.00518,-0.01749,-0.01732,0.00909,-0.02192,17829428.00,0.00321,1
2022,317.60,0.00321,0.00518,-0.01749,-0.01732,0.00909,13254985.00,-0.01159,0
2022,323.15,-0.01159,0.00321,0.00518,-0.01749,-0.01732,25758860.00,-0.00182,0
2022,328.85,-0.00182,-0.01159,0.00321,0.00518,-0.01749,17471906.00,-0.00121,0
2022,327.15,-0.00121,-0.00182,-0.01159,0.00321,0.00518,11970750.00,-0.01052,0
2022,326.10,-0.01052,-0.00121,-0.00182,-0.01159,0.00321,8085824.00,-0.00284,0
2022,329.90,-0.00284,-0.01052,-0.00121,-0.00182,-0.01159,10911130.00,0.00373,1
2022,330.50,0.00373,-0.00284,-0.01052,-0.00121,-0.00182,9408098.00,0.00842,1
2022,330.90,0.00842,0.00373,-0.00284,-0.01052,-0.00121,8712689.00,-0.01290,0
2022,334.40,-0.01290,0.00842,0.00373,-0.00284,-0.01052,10520207.00,-0.00119,0
2022,335.35,-0.00119,-0.01290,0.00842,0.00373,-0.00284,12267025.00,-0.01462,0
2022,334.10,-0.01462,-0.00119,-0.01290,0.00842,0.00373,8418672.00,-0.01195,0
2022,331.30,-0.01195,-0.01462,-0.00119,-0.01290,0.00842,12492851.00,-0.00390,0
2022,335.60,-0.00390,-0.01195,-0.01462,-0.00119,-0.01290,14365461.00,0.04065,1
2022,336.00,0.04065,-0.00390,-0.01195,-0.01462,-0.00119,9526068.00,-0.00674,0
2022,340.95,-0.00674,0.04065,-0.00390,-0.01195,-0.01462,20992080.00,0.03001,1
2022,345.05,0.03001,-0.00674,0.04065,-0.00390,-0.01195,24179987.00,-0.02462,0
2022,346.40,-0.02462,0.03001,-0.00674,0.04065,-0.00390,22838807.00,0.00256,1
2022,332.60,0.00256,-0.02462,0.03001,-0.00674,0.04065,16205789.00,0.02376,1
2022,334.85,0.02376,0.00256,-0.02462,0.03001,-0.00674,9991052.00,-0.02571,0
2022,324.95,-0.02571,0.02376,0.00256,-0.02462,0.03001,15552911.00,-0.01135,0
2022,333.05,-0.01135,-0.02571,0.02376,0.00256,-0.02462,18281337.00,0.00760,1
2022,332.20,0.00760,-0.01135,-0.02571,0.02376,0.00256,12427919.00,0.01888,1
2022,324.40,0.01888,0.00760,-0.01135,-0.02571,0.02376,9111289.00,0.00474,1
2022,332.85,0.00474,0.01888,0.00760,-0.01135,-0.02571,8803255.00,-0.01158,0
2022,336.65,-0.01158,0.00474,0.01888,0.00760,-0.01135,22235092.00,0.00440,1
2022,334.10,0.00440,-0.01158,0.00474,0.01888,0.00760,10506078.00,-0.01044,0
2022,327.85,-0.01044,0.00440,-0.01158,0.00474,0.01888,9388996.00,-0.00045,0
2022,326.30,-0.00045,-0.01044,0.00440,-0.01158,0.00474,10609956.00,-0.02394,0
2022,330.10,-0.02394,-0.00045,-0.01044,0.00440,-0.01158,10337544.00,-0.01762,0
2022,328.65,-0.01762,-0.02394,-0.00045,-0.01044,0.00440,7266724.00,-0.00963,0
2022,332.10,-0.00963,-0.01762,-0.02394,-0.00045,-0.01044,6424915.00,0.01179,1
2022,332.25,0.01179,-0.00963,-0.01762,-0.02394,-0.00045,6929063.00,-0.00606,0
2022,340.30,-0.00606,0.01179,-0.00963,-0.01762,-0.02394,20887417.00,0.00403,1
2022,346.35,0.00403,-0.00606,0.01179,-0.00963,-0.01762,16296080.00,0.00144,1
2022,349.70,0.00144,0.00403,-0.00606,0.01179,-0.00963,18474706.00,0.00000,0
2022,345.60,0.00000,0.00144,0.00403,-0.00606,0.01179,27372160.00,-0.00835,0
2022,347.70,-0.00835,0.00000,0.00144,0.00403,-0.00606,3170564.00,-0.00229,0
2022,346.30,-0.00229,-0.00835,0.00000,0.00144,0.00403,17242211.00,-0.01463,0
2022,345.80,-0.01463,-0.00229,-0.00835,0.00000,0.00144,18558597.00,0.00268,1
2022,345.799988,0.002682241,-0.014627809,-0.002291574,-0.00835145,0,13069167,0.000282782,1
